"record_type","label","estimand","inference_method","OR","CI_low","CI_high","P_value","donor_count","role_in_interpretation"
"inference_method","Equal donor - asymptotic z","Average-donor, population-averaged association between UC and raw-count GART detection in ISC-like epithelial cells","weighted logistic GLM with donor-cluster robust SE",2.08287199579364,1.00960037808643,4.29710194748954,0.0470489699094573,33,"Archived nominally significant asymptotic inference; not the finite-cluster result"
"inference_method","Equal donor - finite-cluster GEE","Average-donor, population-averaged association between UC and raw-count GART detection in ISC-like epithelial cells","inverse-cluster-size weighted GEE; independence working correlation; robust sandwich scaled by G/(G-p), t reference with G-p df",2.08287199612747,0.89712339100056,4.83585178557599,0.0850092319441369,33,"Locked candidate revised primary; finite-cluster small-sample inference"
"inference_method","Equal donor - survey design-based","Average-donor, population-averaged association between UC and raw-count GART detection in ISC-like epithelial cells","survey-weighted quasibinomial logistic regression; donor PSU; design-based residual degrees of freedom",2.08287199610967,0.97482285846086,4.45040420885049,0.0576134140307984,33,"Design-based sensitivity analysis"
"inference_method","Equal donor - CR2/Satterthwaite","Average-donor, population-averaged association between UC and raw-count GART detection in ISC-like epithelial cells","weighted quasibinomial GLM; donor-cluster CR2 covariance; Satterthwaite test",2.08287199579363,0.847117024465819,5.12131810076304,0.100651287121758,33,"CR2/Satterthwaite small-sample sensitivity analysis"
"inference_method","Donor-random-intercept GLMM","Average-donor, population-averaged association between UC and raw-count GART detection in ISC-like epithelial cells","donor-random-intercept GLMM; archived frozen result",2.41278720404255,0.848124203684516,6.86402070203972,0.0987003822894522,33,"Frozen cell-weighted donor-conditional comparator"
"leave_one_donor_out","Omit GSE214695_HC2","Average-donor, population-averaged association between UC and raw-count GART detection in ISC-like epithelial cells","Finite-cluster equal-donor independence estimating equation after omitting one donor",1.88396295118017,0.794762472965683,4.46588323197384,0.143227345633907,32,"Donor-influence sensitivity; all 33 estimates retained"
"leave_one_donor_out","Omit GSE214695_HC3","Average-donor, population-averaged association between UC and raw-count GART detection in ISC-like epithelial cells","Finite-cluster equal-donor independence estimating equation after omitting one donor",2.20942548682084,0.840484667210189,5.80803097576641,0.103609465411529,32,"Donor-influence sensitivity; all 33 estimates retained"
"leave_one_donor_out","Omit GSE214695_HC4","Average-donor, population-averaged association between UC and raw-count GART detection in ISC-like epithelial cells","Finite-cluster equal-donor independence estimating equation after omitting one donor",2.32332686572741,0.925948911101137,5.82953083080104,0.0707838445116572,32,"Donor-influence sensitivity; all 33 estimates retained"
"leave_one_donor_out","Omit GSE214695_HC5","Average-donor, population-averaged association between UC and raw-count GART detection in ISC-like epithelial cells","Finite-cluster equal-donor independence estimating equation after omitting one donor",1.77589763101882,0.762523261239838,4.13602122869047,0.174079873251995,32,"Donor-influence sensitivity; all 33 estimates retained"
"leave_one_donor_out","Omit GSE214695_HC6","Average-donor, population-averaged association between UC and raw-count GART detection in ISC-like epithelial cells","Finite-cluster equal-donor independence estimating equation after omitting one donor",2.58506999341717,1.07005510788761,6.24508665171263,0.0358964894262753,32,"Donor-influence sensitivity; all 33 estimates retained"
"leave_one_donor_out","Omit GSE214695_UC1","Average-donor, population-averaged association between UC and raw-count GART detection in ISC-like epithelial cells","Finite-cluster equal-donor independence estimating equation after omitting one donor",2.33723966393379,1.00221572422601,5.45061219318234,0.0494483160752222,32,"Donor-influence sensitivity; all 33 estimates retained"
"leave_one_donor_out","Omit GSE214695_UC2","Average-donor, population-averaged association between UC and raw-count GART detection in ISC-like epithelial cells","Finite-cluster equal-donor independence estimating equation after omitting one donor",2.25506920381456,0.957526383558321,5.31091069793286,0.0618283377396877,32,"Donor-influence sensitivity; all 33 estimates retained"
"leave_one_donor_out","Omit GSE214695_UC3","Average-donor, population-averaged association between UC and raw-count GART detection in ISC-like epithelial cells","Finite-cluster equal-donor independence estimating equation after omitting one donor",2.21324516427297,0.924398534332185,5.29907174800584,0.072650421168755,32,"Donor-influence sensitivity; all 33 estimates retained"
"leave_one_donor_out","Omit GSE214695_UC4","Average-donor, population-averaged association between UC and raw-count GART detection in ISC-like epithelial cells","Finite-cluster equal-donor independence estimating equation after omitting one donor",2.16297897543676,0.920968227580502,5.07995597250123,0.0745524511745903,32,"Donor-influence sensitivity; all 33 estimates retained"
"leave_one_donor_out","Omit GSE214695_UC5","Average-donor, population-averaged association between UC and raw-count GART detection in ISC-like epithelial cells","Finite-cluster equal-donor independence estimating equation after omitting one donor",1.83804452822559,0.785366064025926,4.30169807748213,0.152871412083039,32,"Donor-influence sensitivity; all 33 estimates retained"
"leave_one_donor_out","Omit GSE214695_UC6","Average-donor, population-averaged association between UC and raw-count GART detection in ISC-like epithelial cells","Finite-cluster equal-donor independence estimating equation after omitting one donor",2.21648215577519,0.944469949767778,5.2016405054261,0.0661256246840752,32,"Donor-influence sensitivity; all 33 estimates retained"
"leave_one_donor_out","Omit SCP259_N10","Average-donor, population-averaged association between UC and raw-count GART detection in ISC-like epithelial cells","Finite-cluster equal-donor independence estimating equation after omitting one donor",1.90040186654765,0.776495089657588,4.65106257912126,0.152044404335803,32,"Donor-influence sensitivity; all 33 estimates retained"
"leave_one_donor_out","Omit SCP259_N106","Average-donor, population-averaged association between UC and raw-count GART detection in ISC-like epithelial cells","Finite-cluster equal-donor independence estimating equation after omitting one donor",2.14495418972219,0.915806054126804,5.02380220710982,0.0766611625534279,32,"Donor-influence sensitivity; all 33 estimates retained"
"leave_one_donor_out","Omit SCP259_N110","Average-donor, population-averaged association between UC and raw-count GART detection in ISC-like epithelial cells","Finite-cluster equal-donor independence estimating equation after omitting one donor",2.1138185039665,0.902185315077072,4.95267279686264,0.0822468909449873,32,"Donor-influence sensitivity; all 33 estimates retained"
"leave_one_donor_out","Omit SCP259_N111","Average-donor, population-averaged association between UC and raw-count GART detection in ISC-like epithelial cells","Finite-cluster equal-donor independence estimating equation after omitting one donor",2.09201373744663,0.893798663034717,4.89654064015467,0.0859662519502369,32,"Donor-influence sensitivity; all 33 estimates retained"
"leave_one_donor_out","Omit SCP259_N12","Average-donor, population-averaged association between UC and raw-count GART detection in ISC-like epithelial cells","Finite-cluster equal-donor independence estimating equation after omitting one donor",2.05811672662444,0.877997417307373,4.82443840598269,0.0932702871213456,32,"Donor-influence sensitivity; all 33 estimates retained"
"leave_one_donor_out","Omit SCP259_N14","Average-donor, population-averaged association between UC and raw-count GART detection in ISC-like epithelial cells","Finite-cluster equal-donor independence estimating equation after omitting one donor",2.01888604338745,0.862201512199165,4.72731814838559,0.101420367313889,32,"Donor-influence sensitivity; all 33 estimates retained"
"leave_one_donor_out","Omit SCP259_N15","Average-donor, population-averaged association between UC and raw-count GART detection in ISC-like epithelial cells","Finite-cluster equal-donor independence estimating equation after omitting one donor",1.9354382749726,0.796394301725818,4.7036013543936,0.138198020667716,32,"Donor-influence sensitivity; all 33 estimates retained"
"leave_one_donor_out","Omit SCP259_N19","Average-donor, population-averaged association between UC and raw-count GART detection in ISC-like epithelial cells","Finite-cluster equal-donor independence estimating equation after omitting one donor",2.03326810412019,0.881172211984005,4.69168129340372,0.0927462079473677,32,"Donor-influence sensitivity; all 33 estimates retained"
"leave_one_donor_out","Omit SCP259_N21","Average-donor, population-averaged association between UC and raw-count GART detection in ISC-like epithelial cells","Finite-cluster equal-donor independence estimating equation after omitting one donor",1.83432460545627,0.741993355059156,4.53473974563298,0.179653895912182,32,"Donor-influence sensitivity; all 33 estimates retained"
"leave_one_donor_out","Omit SCP259_N23","Average-donor, population-averaged association between UC and raw-count GART detection in ISC-like epithelial cells","Finite-cluster equal-donor independence estimating equation after omitting one donor",2.08912055488652,0.893006652975209,4.88733726485523,0.0863485518169925,32,"Donor-influence sensitivity; all 33 estimates retained"
"leave_one_donor_out","Omit SCP259_N24","Average-donor, population-averaged association between UC and raw-count GART detection in ISC-like epithelial cells","Finite-cluster equal-donor independence estimating equation after omitting one donor",2.10727038069897,0.897868955911773,4.94569773031278,0.0840278381964862,32,"Donor-influence sensitivity; all 33 estimates retained"
"leave_one_donor_out","Omit SCP259_N26","Average-donor, population-averaged association between UC and raw-count GART detection in ISC-like epithelial cells","Finite-cluster equal-donor independence estimating equation after omitting one donor",2.31893339472844,1.03244982642587,5.20843914304524,0.0422274275595901,32,"Donor-influence sensitivity; all 33 estimates retained"
"leave_one_donor_out","Omit SCP259_N44","Average-donor, population-averaged association between UC and raw-count GART detection in ISC-like epithelial cells","Finite-cluster equal-donor independence estimating equation after omitting one donor",2.0801751484192,0.889077136445191,4.86698900547825,0.0881314859879619,32,"Donor-influence sensitivity; all 33 estimates retained"
"leave_one_donor_out","Omit SCP259_N49","Average-donor, population-averaged association between UC and raw-count GART detection in ISC-like epithelial cells","Finite-cluster equal-donor independence estimating equation after omitting one donor",2.11456629223581,0.90322031690954,4.95049825668142,0.0818427290345431,32,"Donor-influence sensitivity; all 33 estimates retained"
"leave_one_donor_out","Omit SCP259_N50","Average-donor, population-averaged association between UC and raw-count GART detection in ISC-like epithelial cells","Finite-cluster equal-donor independence estimating equation after omitting one donor",2.10536654799935,0.899699853390678,4.92671893268601,0.0833756591715552,32,"Donor-influence sensitivity; all 33 estimates retained"
"leave_one_donor_out","Omit SCP259_N51","Average-donor, population-averaged association between UC and raw-count GART detection in ISC-like epithelial cells","Finite-cluster equal-donor independence estimating equation after omitting one donor",1.79611296503542,0.674281030550538,4.78438757284086,0.229754265870012,32,"Donor-influence sensitivity; all 33 estimates retained"
"leave_one_donor_out","Omit SCP259_N52","Average-donor, population-averaged association between UC and raw-count GART detection in ISC-like epithelial cells","Finite-cluster equal-donor independence estimating equation after omitting one donor",2.09866027667245,0.896008731545157,4.91554914792803,0.0849460964334323,32,"Donor-influence sensitivity; all 33 estimates retained"
"leave_one_donor_out","Omit SCP259_N539","Average-donor, population-averaged association between UC and raw-count GART detection in ISC-like epithelial cells","Finite-cluster equal-donor independence estimating equation after omitting one donor",2.09030482742849,0.898140833186917,4.86490994521068,0.0843272995122094,32,"Donor-influence sensitivity; all 33 estimates retained"
"leave_one_donor_out","Omit SCP259_N58","Average-donor, population-averaged association between UC and raw-count GART detection in ISC-like epithelial cells","Finite-cluster equal-donor independence estimating equation after omitting one donor",2.09019792291339,0.894686883478402,4.88319146913805,0.0856666744021964,32,"Donor-influence sensitivity; all 33 estimates retained"
"leave_one_donor_out","Omit SCP259_N661","Average-donor, population-averaged association between UC and raw-count GART detection in ISC-like epithelial cells","Finite-cluster equal-donor independence estimating equation after omitting one donor",2.09461199784979,0.894874942946485,4.90280732086455,0.0854834618790521,32,"Donor-influence sensitivity; all 33 estimates retained"
"leave_one_donor_out","Omit SCP259_N7","Average-donor, population-averaged association between UC and raw-count GART detection in ISC-like epithelial cells","Finite-cluster equal-donor independence estimating equation after omitting one donor",2.05696777425444,0.886421428051765,4.77325602746394,0.0898524241076145,32,"Donor-influence sensitivity; all 33 estimates retained"
"leave_one_donor_out","Omit SCP259_N9","Average-donor, population-averaged association between UC and raw-count GART detection in ISC-like epithelial cells","Finite-cluster equal-donor independence estimating equation after omitting one donor",2.08941815254175,0.894007262533178,4.88325811112631,0.0859507502049565,32,"Donor-influence sensitivity; all 33 estimates retained"
"cohort_specific","GSE214695","Average-donor, population-averaged association between UC and raw-count GART detection in ISC-like epithelial cells","Cohort-specific equal-donor finite-cluster analysis",1.81013437070465,0.0500964430292674,65.4055705729858,0.688349514330214,11,"Cohort-specific magnitude; HC/UC donors=5/6"
"cohort_specific","SCP259","Average-donor, population-averaged association between UC and raw-count GART detection in ISC-like epithelial cells","Cohort-specific equal-donor finite-cluster analysis",11.3890960073119,1.9567567224845,66.2890314229119,0.00985441395428454,22,"Cohort-specific magnitude; HC/UC donors=4/18"
"interaction","Condition x cohort","Average-donor, population-averaged association between UC and raw-count GART detection in ISC-like epithelial cells","Equal-donor finite-cluster condition-by-cohort interaction",8.76248431663193,1.08373603153041,70.8485545975558,0.0424085263831443,33,"Heterogeneity in effect magnitude; cohort point estimates are both positive"
