"marker_group","gene","epithelial_state","n_cells","average_expression","percent_expressed","avg_exp_scaled"
"Stem / ISC","LGR5","Absorptive epithelial cells",65675,0.00567204122812035,0.383707651313285,-0.626163625884545
"Stem / ISC","LGR5","Goblet cells",36188,0.0166427433569826,2.32397479827567,-0.0804180828105939
"Stem / ISC","LGR5","Regenerative epithelial cells",9570,0.0359571378694297,6.17554858934169,0.880390496123368
"Stem / ISC","LGR5","Stem/ISC-like epithelial cells",9306,0.0593516722176459,9.6067053513862,2.04416859372025
"Stem / ISC","LGR5","TA / proliferating cells",696,0,0,-0.908323435167362
"Stem / ISC","LGR5","BEST4+ epithelial cells",2838,0.00214877245937382,0.246652572233968,-0.80143118898212
"Stem / ISC","LGR5","Rare epithelial cells",1821,0.00993316952431298,1.4277869302581,-0.41419070484466
"Stem / ISC","LGR5","Low-confidence / other epithelial",7025,0.0163690722214926,0.939501779359431,-0.0940320521543384
"Stem / ISC","ASCL2","Absorptive epithelial cells",65675,0.0429490556974351,2.51084887704606,-0.765327315152208
"Stem / ISC","ASCL2","Goblet cells",36188,0.136748312232508,12.2913673040787,0.0231239863782049
"Stem / ISC","ASCL2","Regenerative epithelial cells",9570,0.209292979256401,23.1243469174504,0.632914929792481
"Stem / ISC","ASCL2","Stem/ISC-like epithelial cells",9306,0.293576067450926,27.7885235332044,1.34137588181642
"Stem / ISC","ASCL2","TA / proliferating cells",696,0.00677627636694707,0.862068965517241,-1.06938596120802
"Stem / ISC","ASCL2","BEST4+ epithelial cells",2838,0.0054590527208381,0.704721634954193,-1.08045818860667
"Stem / ISC","ASCL2","Rare epithelial cells",1821,0.290987899245525,16.5293794618342,1.31962043656548
"Stem / ISC","ASCL2","Low-confidence / other epithelial",7025,0.0861890253513199,4.75444839857651,-0.401863769585687
"Stem / ISC","SMOC2","Absorptive epithelial cells",65675,0.0152104358923457,0.930338789493719,-0.736722461235248
"Stem / ISC","SMOC2","Goblet cells",36188,0.0521945902429541,5.09561180501824,0.150151986493574
"Stem / ISC","SMOC2","Regenerative epithelial cells",9570,0.0761760823061697,9.98955067920585,0.725224552102406
"Stem / ISC","SMOC2","Stem/ISC-like epithelial cells",9306,0.126217981835301,14.2488716956802,1.9252217613794
"Stem / ISC","SMOC2","TA / proliferating cells",696,0.00300112572912857,0.431034482758621,-1.02949987897753
"Stem / ISC","SMOC2","BEST4+ epithelial cells",2838,0.0018170154857201,0.246652572233968,-1.05789466416627
"Stem / ISC","SMOC2","Rare epithelial cells",1821,0.0419535922734988,4.11861614497529,-0.0954256014715599
"Stem / ISC","SMOC2","Low-confidence / other epithelial",7025,0.0508931775346849,2.91814946619217,0.118944305875224
"Stem / ISC","OLFM4","Absorptive epithelial cells",65675,0.546465003196136,20.1492196421774,-0.473202166276282
"Stem / ISC","OLFM4","Goblet cells",36188,0.53538588020381,29.3660882060352,-0.485285878278521
"Stem / ISC","OLFM4","Regenerative epithelial cells",9570,1.25648504689572,64.3155694879833,0.3011982740677
"Stem / ISC","OLFM4","Stem/ISC-like epithelial cells",9306,2.65010134895111,93.5418009886095,1.82117941764069
"Stem / ISC","OLFM4","TA / proliferating cells",696,0.130029224209608,16.0919540229885,-0.927397866079095
"Stem / ISC","OLFM4","BEST4+ epithelial cells",2838,0.466979312252367,26.215644820296,-0.559895147149291
"Stem / ISC","OLFM4","Rare epithelial cells",1821,0.233217557426438,10.3789126853377,-0.814853028238877
"Stem / ISC","OLFM4","Low-confidence / other epithelial",7025,2.02395367443439,58.0498220640569,1.13825639431367
"TA / proliferating","MKI67","Absorptive epithelial cells",65675,0.0453466944513594,2.54586981347545,-0.624027588195386
"TA / proliferating","MKI67","Goblet cells",36188,0.0712794028459443,7.88935558748756,-0.528272711844342
"TA / proliferating","MKI67","Regenerative epithelial cells",9570,0.270765316966374,29.3312434691745,0.208316338158845
"TA / proliferating","MKI67","Stem/ISC-like epithelial cells",9306,0.208248803935493,28.0356759080163,-0.0225219099749515
"TA / proliferating","MKI67","TA / proliferating cells",696,0.831293976111937,73.9942528735632,2.27803276079475
"TA / proliferating","MKI67","BEST4+ epithelial cells",2838,0.0138729199700464,1.51515151515152,-0.740242498643695
"TA / proliferating","MKI67","Rare epithelial cells",1821,0.0178517409258099,1.64744645799012,-0.725550955329167
"TA / proliferating","MKI67","Low-confidence / other epithelial",7025,0.256127346988712,16.5836298932384,0.154266565033949
"TA / proliferating","TOP2A","Absorptive epithelial cells",65675,0.0443021680994884,2.4057860677579,-0.724355145447151
"TA / proliferating","TOP2A","Goblet cells",36188,0.0567120381538494,6.15673703990273,-0.657378229982213
"TA / proliferating","TOP2A","Regenerative epithelial cells",9570,0.290383623109987,29.3521421107628,0.603763258494981
"TA / proliferating","TOP2A","Stem/ISC-like epithelial cells",9306,0.197366345237587,24.6077799269289,0.101742662828137
"TA / proliferating","TOP2A","TA / proliferating cells",696,0.526385095554379,52.2988505747126,1.87747930872504
"TA / proliferating","TOP2A","BEST4+ epithelial cells",2838,0.00814691919814389,0.669485553206483,-0.919487490803837
"TA / proliferating","TOP2A","Rare epithelial cells",1821,0.00545044007855717,0.658978583196046,-0.93404057260521
"TA / proliferating","TOP2A","Low-confidence / other epithelial",7025,0.2993723829676,17.5373665480427,0.65227620879025
"TA / proliferating","PCNA","Absorptive epithelial cells",65675,0.163904478659588,9.97792158355539,-0.839968967525039
"TA / proliferating","PCNA","Goblet cells",36188,0.23860407404293,24.0024317453299,-0.425796987095743
"TA / proliferating","PCNA","Regenerative epithelial cells",9570,0.440230662647618,53.0198537095089,0.692121832692524
"TA / proliferating","PCNA","Stem/ISC-like epithelial cells",9306,0.537025171042526,57.0062325381474,1.22879908015108
"TA / proliferating","PCNA","TA / proliferating cells",696,0.522642015916363,50.7183908045977,1.14905166233905
"TA / proliferating","PCNA","BEST4+ epithelial cells",2838,0.132010878850631,16.2438336856941,-1.01680306318657
"TA / proliferating","PCNA","Rare epithelial cells",1821,0.0902962038391179,6.42504118616145,-1.24809012001493
"TA / proliferating","PCNA","Low-confidence / other epithelial",7025,0.398489256064617,21.4092526690391,0.46068656263963
"TA / proliferating","UBE2C","Absorptive epithelial cells",65675,0.117385357165652,5.42215454891511,-0.618142048944504
"TA / proliferating","UBE2C","Goblet cells",36188,0.153031264394189,11.8823919531336,-0.490235456088005
"TA / proliferating","UBE2C","Regenerative epithelial cells",9570,0.335861474444013,30.0522466039707,0.165805897798175
"TA / proliferating","UBE2C","Stem/ISC-like epithelial cells",9306,0.306826799228776,30.4964539007092,0.0616220890465538
"TA / proliferating","UBE2C","TA / proliferating cells",696,0.816523083650029,66.8103448275862,1.89054215871858
"TA / proliferating","UBE2C","BEST4+ epithelial cells",2838,0.0121054856311557,1.65609584214235,-0.995913038977453
"TA / proliferating","UBE2C","Rare epithelial cells",1821,0.0248201695847888,1.81219110378913,-0.950289514982686
"TA / proliferating","UBE2C","Low-confidence / other epithelial",7025,0.550674548727046,25.5373665480427,0.936609913429342
"Absorptive epithelial","FABP1","Absorptive epithelial cells",65675,3.54888576579177,81.5287400076132,1.41031761220221
"Absorptive epithelial","FABP1","Goblet cells",36188,1.86642707880994,66.7596993478501,0.142249628232296
"Absorptive epithelial","FABP1","Regenerative epithelial cells",9570,1.92019775798112,79.6760710553814,0.182776553060157
"Absorptive epithelial","FABP1","Stem/ISC-like epithelial cells",9306,1.19003289619852,59.1876208897486,-0.367548213551085
"Absorptive epithelial","FABP1","TA / proliferating cells",696,0.0386484910763923,5.02873563218391,-1.23534586746957
"Absorptive epithelial","FABP1","BEST4+ epithelial cells",2838,3.5801777214186,93.0584918957012,1.43390233817095
"Absorptive epithelial","FABP1","Rare epithelial cells",1821,0.747126539804643,30.7523338824822,-0.701366437312265
"Absorptive epithelial","FABP1","Low-confidence / other epithelial",7025,0.530038412407446,19.3594306049822,-0.864985613332686
"Absorptive epithelial","CA1","Absorptive epithelial cells",65675,1.32351178966495,45.3201370384469,1.83934974378421
"Absorptive epithelial","CA1","Goblet cells",36188,0.380636116835455,23.5989830883166,-0.163784777518335
"Absorptive epithelial","CA1","Regenerative epithelial cells",9570,0.73968385858015,49.6760710553814,0.599010304601235
"Absorptive epithelial","CA1","Stem/ISC-like epithelial cells",9306,0.167689736046793,12.8196862239415,-0.616188269130471
"Absorptive epithelial","CA1","TA / proliferating cells",696,0.00209677496291811,0.431034482758621,-0.967989663938333
"Absorptive epithelial","CA1","BEST4+ epithelial cells",2838,0.854752850851312,41.4023960535588,0.843473787319113
"Absorptive epithelial","CA1","Rare epithelial cells",1821,0.151050827549746,7.57825370675453,-0.65153754472182
"Absorptive epithelial","CA1","Low-confidence / other epithelial",7025,0.0424151043329186,1.85053380782918,-0.8823335803956
"Absorptive epithelial","KRT20","Absorptive epithelial cells",65675,1.04325384828109,41.2775028549676,0.746009369849543
"Absorptive epithelial","KRT20","Goblet cells",36188,0.540137928280393,31.4689952470432,-0.0518004483270574
"Absorptive epithelial","KRT20","Regenerative epithelial cells",9570,0.246253838997013,27.3876698014629,-0.517823490960741
"Absorptive epithelial","KRT20","Stem/ISC-like epithelial cells",9306,0.664949355454208,46.2604771115409,0.146117721345979
"Absorptive epithelial","KRT20","TA / proliferating cells",696,0.00767480090618554,1.29310344827586,-0.89614723591345
"Absorptive epithelial","KRT20","BEST4+ epithelial cells",2838,1.87165269341145,75.8280479210712,2.05963254442579
"Absorptive epithelial","KRT20","Rare epithelial cells",1821,0.12443741849822,6.42504118616145,-0.710992366016278
"Absorptive epithelial","KRT20","Low-confidence / other epithelial",7025,0.0840752996604882,4.17081850533808,-0.774996094403781
"Absorptive epithelial","AQP8","Absorptive epithelial cells",65675,1.08608930726492,32.9805862200228,2.19511226796232
"Absorptive epithelial","AQP8","Goblet cells",36188,0.13270245431144,12.8164032275893,-0.302925548022534
"Absorptive epithelial","AQP8","Regenerative epithelial cells",9570,0.131701024715028,21.0449320794148,-0.305549466103778
"Absorptive epithelial","AQP8","Stem/ISC-like epithelial cells",9306,0.00565287278331635,0.687728347302815,-0.635817341295238
"Absorptive epithelial","AQP8","TA / proliferating cells",696,0.00149697295837037,0.28735632183908,-0.64670651486628
"Absorptive epithelial","AQP8","BEST4+ epithelial cells",2838,0.539870930138406,26.7794221282593,0.763926010651415
"Absorptive epithelial","AQP8","Rare epithelial cells",1821,0.0826007803183621,3.95387149917628,-0.434200566018782
"Absorptive epithelial","AQP8","Low-confidence / other epithelial",7025,0.00640797541298169,0.341637010676157,-0.63383884230712
"Absorptive epithelial","CA2","Absorptive epithelial cells",65675,1.77734341975347,62.3113818043395,1.34981207006922
"Absorptive epithelial","CA2","Goblet cells",36188,0.914339617769939,51.337459931469,0.0884740161966428
"Absorptive epithelial","CA2","Regenerative epithelial cells",9570,1.24862795825734,75.1828631138976,0.577058891319506
"Absorptive epithelial","CA2","Stem/ISC-like epithelial cells",9306,0.913173831079239,71.4807650977864,0.0867701406027012
"Absorptive epithelial","CA2","TA / proliferating cells",696,0.0125379330375575,2.44252873563218,-1.22956975068478
"Absorptive epithelial","CA2","BEST4+ epithelial cells",2838,1.63265107642576,69.8731501057082,1.13833448639722
"Absorptive epithelial","CA2","Rare epithelial cells",1821,0.172513986729481,9.61010433827567,-0.995753997189594
"Absorptive epithelial","CA2","Low-confidence / other epithelial",7025,0.159259817185427,8.39857651245552,-1.01512585671092
"Goblet / secretory","MUC2","Absorptive epithelial cells",65675,0.168900887163263,9.5942139322421,-0.594724775550587
"Goblet / secretory","MUC2","Goblet cells",36188,1.47393154647528,56.1898972034929,1.89464498331358
"Goblet / secretory","MUC2","Regenerative epithelial cells",9570,0.491660491921518,41.9122257053292,0.0209450508515908
"Goblet / secretory","MUC2","Stem/ISC-like epithelial cells",9306,1.10425776160242,62.1641951429185,1.18948550361792
"Goblet / secretory","MUC2","TA / proliferating cells",696,0.0679857193438189,7.61494252873563,-0.787222296729793
"Goblet / secretory","MUC2","BEST4+ epithelial cells",2838,0.156860023527708,14.4820295983087,-0.61769294230673
"Goblet / secretory","MUC2","Rare epithelial cells",1821,0.127740188747007,6.97419000549149,-0.673239557682353
"Goblet / secretory","MUC2","Low-confidence / other epithelial",7025,0.254105216236707,11.2455516014235,-0.43219596551362
"Goblet / secretory","TFF3","Absorptive epithelial cells",65675,1.24576941841908,52.0106585458698,-0.640916099905247
"Goblet / secretory","TFF3","Goblet cells",36188,3.52718560314077,88.463026417597,1.74779592741227
"Goblet / secretory","TFF3","Regenerative epithelial cells",9570,2.18393929821837,89.1013584117032,0.341376254532914
"Goblet / secretory","TFF3","Stem/ISC-like epithelial cells",9306,2.39199048891996,93.993122716527,0.559212169283927
"Goblet / secretory","TFF3","TA / proliferating cells",696,0.254863595640905,20.9770114942529,-1.67842458812434
"Goblet / secretory","TFF3","BEST4+ epithelial cells",2838,1.72286018266072,74.031007751938,-0.141387581479682
"Goblet / secretory","TFF3","Rare epithelial cells",1821,2.10627526685876,68.8083470620538,0.260059655202619
"Goblet / secretory","TFF3","Low-confidence / other epithelial",7025,1.4302916337227,49.4519572953737,-0.447715736922462
"Goblet / secretory","FCGBP","Absorptive epithelial cells",65675,0.697202754870613,33.7480015226494,-0.035836043812469
"Goblet / secretory","FCGBP","Goblet cells",36188,1.91103334841648,66.9033933900741,2.07318793062705
"Goblet / secretory","FCGBP","Regenerative epithelial cells",9570,0.835071797690874,58.098223615465,0.203710659151705
"Goblet / secretory","FCGBP","Stem/ISC-like epithelial cells",9306,1.0504115226727,65.6780571674189,0.577862245914067
"Goblet / secretory","FCGBP","TA / proliferating cells",696,0.0803766935636613,8.76436781609195,-1.1075679298537
"Goblet / secretory","FCGBP","BEST4+ epithelial cells",2838,0.504150742617225,35.6589147286822,-0.371262852397684
"Goblet / secretory","FCGBP","Rare epithelial cells",1821,0.230270153948463,11.2575507962658,-0.847128867562674
"Goblet / secretory","FCGBP","Low-confidence / other epithelial",7025,0.434106037438567,17.5800711743772,-0.492965142066291
"Goblet / secretory","SPINK4","Absorptive epithelial cells",65675,0.131709733911278,6.69508945565284,-0.699168614919885
"Goblet / secretory","SPINK4","Goblet cells",36188,1.23995950629774,43.7106223057367,1.78908121751774
"Goblet / secretory","SPINK4","Regenerative epithelial cells",9570,0.372955774926359,28.4117032392894,-0.157521383322088
"Goblet / secretory","SPINK4","Stem/ISC-like epithelial cells",9306,1.02647993898841,57.8981302385558,1.3097754591755
"Goblet / secretory","SPINK4","TA / proliferating cells",696,0.12714442054988,10.9195402298851,-0.709418687141476
"Goblet / secretory","SPINK4","BEST4+ epithelial cells",2838,0.0577859188806397,5.77871740662438,-0.86514286093037
"Goblet / secretory","SPINK4","Rare epithelial cells",1821,0.1971498703396,9.22570016474465,-0.552241981087304
"Goblet / secretory","SPINK4","Low-confidence / other epithelial",7025,0.391732769365923,14.9039145907473,-0.11536314929212
"Goblet / secretory","CLCA1","Absorptive epithelial cells",65675,0.106914235498861,6.50932622763609,-0.516226032764323
"Goblet / secretory","CLCA1","Goblet cells",36188,1.06336178602205,42.7987178070078,2.17532298178481
"Goblet / secretory","CLCA1","Regenerative epithelial cells",9570,0.522168084553846,36.1337513061651,0.652344149260087
"Goblet / secretory","CLCA1","Stem/ISC-like epithelial cells",9306,0.344558166360122,28.9598108747045,0.15253022843717
"Goblet / secretory","CLCA1","TA / proliferating cells",696,0.0285958823274558,3.30459770114943,-0.736622526209571
"Goblet / secretory","CLCA1","BEST4+ epithelial cells",2838,0.0586863264133022,6.09584214235377,-0.651944694077215
"Goblet / secretory","CLCA1","Rare epithelial cells",1821,0.0786070853541538,4.44810543657331,-0.595885478841637
"Goblet / secretory","CLCA1","Low-confidence / other epithelial",7025,0.119958288412596,5.05338078291815,-0.479518627589323
"BEST4+","BEST4","Absorptive epithelial cells",65675,0.0140408743879518,1.01865245527217,-0.351074006098552
"BEST4+","BEST4","Goblet cells",36188,0.0135998876903696,1.3070631148447,-0.351664823537612
"BEST4+","BEST4","Regenerative epithelial cells",9570,0.0180230394059701,3.67816091954023,-0.345738850750876
"BEST4+","BEST4","Stem/ISC-like epithelial cells",9306,0.0285316193082806,3.3096926713948,-0.331659849501906
"BEST4+","BEST4","TA / proliferating cells",696,0,0,-0.369885443027451
"BEST4+","BEST4","BEST4+ epithelial cells",2838,2.12319881098867,80.5496828752643,2.47469669743378
"BEST4+","BEST4","Rare epithelial cells",1821,0.00853932525728799,0.768808347062054,-0.358444775298761
"BEST4+","BEST4","Low-confidence / other epithelial",7025,0.00272921045128938,0.185053380782918,-0.36622894921862
"BEST4+","OTOP2","Absorptive epithelial cells",65675,0.0119770351445014,0.969927674153026,-0.342030339947988
"BEST4+","OTOP2","Goblet cells",36188,0.008547457652303,0.848347518514425,-0.348048824783231
"BEST4+","OTOP2","Regenerative epithelial cells",9570,0.00933653414787617,2.30929989550679,-0.346664093009927
"BEST4+","OTOP2","Stem/ISC-like epithelial cells",9306,0.00477312398586695,0.591016548463357,-0.354672314115741
"BEST4+","OTOP2","TA / proliferating cells",696,0,0,-0.363048557075995
"BEST4+","OTOP2","BEST4+ epithelial cells",2838,1.61712266310136,67.3009161381254,2.47480194979916
"BEST4+","OTOP2","Rare epithelial cells",1821,0.00328187960331431,0.274574409665019,-0.357289263790285
"BEST4+","OTOP2","Low-confidence / other epithelial",7025,0,0,-0.363048557075995
"BEST4+","CA7","Absorptive epithelial cells",65675,0.0281347923643602,1.89265321659688,-0.381752290948016
"BEST4+","CA7","Goblet cells",36188,0.0326540786876925,2.84624737482038,-0.376336810748532
"BEST4+","CA7","Regenerative epithelial cells",9570,0.0657952460574605,8.65203761755486,-0.336623607636754
"BEST4+","CA7","Stem/ISC-like epithelial cells",9306,0.102963384775397,7.27487642381259,-0.292084867473405
"BEST4+","CA7","TA / proliferating cells",696,0,0,-0.415466333401836
"BEST4+","CA7","BEST4+ epithelial cells",2838,2.40878264460024,86.5045806906272,2.47098824889504
"BEST4+","CA7","Rare epithelial cells",1821,0.132365108129272,5.82097748489841,-0.256852656176772
"BEST4+","CA7","Low-confidence / other epithelial",7025,0.00299978137033843,0.185053380782918,-0.41187168250973
"BEST4+","GUCA2B","Absorptive epithelial cells",65675,0.73584490818914,27.0239817282071,0.599820100704322
"BEST4+","GUCA2B","Goblet cells",36188,0.145990735395749,10.5338786338013,-0.328355965485338
"BEST4+","GUCA2B","Regenerative epithelial cells",9570,0.0522060928612364,11.7136886102403,-0.475932543886823
"BEST4+","GUCA2B","Stem/ISC-like epithelial cells",9306,0.0469383039166435,5.72748764238126,-0.484221771708938
"BEST4+","GUCA2B","TA / proliferating cells",696,0,0,-0.55808241776768
"BEST4+","GUCA2B","BEST4+ epithelial cells",2838,1.80653788393974,49.0133897110641,2.28462905886217
"BEST4+","GUCA2B","Rare epithelial cells",1821,0.0442456055847089,2.41625480505217,-0.488458917533192
"BEST4+","GUCA2B","Low-confidence / other epithelial",7025,0.00551922172923134,0.284697508896797,-0.549397543184516
"Rare epithelial","CHGA","Absorptive epithelial cells",65675,0.0141267596935759,0.790255043776171,-0.349933030591247
"Rare epithelial","CHGA","Goblet cells",36188,0.0153766287145689,1.24350613463026,-0.346341242674286
"Rare epithelial","CHGA","Regenerative epithelial cells",9570,0.0167967161221213,3.43782654127482,-0.342260292826098
"Rare epithelial","CHGA","Stem/ISC-like epithelial cells",9306,0.0219594000602759,2.8153879217709,-0.327424125614417
"Rare epithelial","CHGA","TA / proliferating cells",696,0.00699840201655411,1.14942528735632,-0.370418016251394
"Rare epithelial","CHGA","BEST4+ epithelial cells",2838,0.00448664073741149,0.458069062720226,-0.377636143640093
"Rare epithelial","CHGA","Rare epithelial cells",1821,0.996991929668755,23.6133992311917,2.47455752179805
"Rare epithelial","CHGA","Low-confidence / other epithelial",7025,0.01043412529639,0.512455516014235,-0.360544670200516
"Rare epithelial","CHGB","Absorptive epithelial cells",65675,0.00403429410170282,0.359345260753711,-0.351991662235614
"Rare epithelial","CHGB","Goblet cells",36188,0.00456697922605896,0.607936332485907,-0.347440338441878
"Rare epithelial","CHGB","Regenerative epithelial cells",9570,0.00351157341845686,0.762800417972832,-0.356457848683022
"Rare epithelial","CHGB","Stem/ISC-like epithelial cells",9306,0.005565823819381,1.06382978723404,-0.338906093808473
"Rare epithelial","CHGB","TA / proliferating cells",696,0,0,-0.386461141288932
"Rare epithelial","CHGB","BEST4+ epithelial cells",2838,0.0050129284180162,0.563777307963354,-0.343630096564736
"Rare epithelial","CHGB","Rare epithelial cells",1821,0.334859310429803,14.552443712246,2.47461583914163
"Rare epithelial","CHGB","Low-confidence / other epithelial",7025,0.00429915520232384,0.256227758007117,-0.349728658118973
"Rare epithelial","TRPM5","Absorptive epithelial cells",65675,0.00210064603387112,0.141606395127522,-0.357067902281142
"Rare epithelial","TRPM5","Goblet cells",36188,0.0034015035895729,0.505692494749641,-0.353287534244505
"Rare epithelial","TRPM5","Regenerative epithelial cells",9570,0.00563858171688823,1.35841170323929,-0.346786454544507
"Rare epithelial","TRPM5","Stem/ISC-like epithelial cells",9306,0.00660865166951242,1.40769396088545,-0.343967374602873
"Rare epithelial","TRPM5","TA / proliferating cells",696,0,0,-0.363172502348941
"Rare epithelial","TRPM5","BEST4+ epithelial cells",2838,0.00280684478320888,0.246652572233968,-0.355015647468301
"Rare epithelial","TRPM5","Rare epithelial cells",1821,0.976581291948705,34.6512904997254,2.47482977167294
"Rare epithelial","TRPM5","Low-confidence / other epithelial",7025,0.00262904081579987,0.156583629893238,-0.355532356182667
"Rare epithelial","POU2F3","Absorptive epithelial cells",65675,0.0020772366067934,0.164446136277122,-0.352089266945366
"Rare epithelial","POU2F3","Goblet cells",36188,0.00209279424596056,0.270808002652813,-0.351971194087352
"Rare epithelial","POU2F3","Regenerative epithelial cells",9570,0.00438994952626467,0.762800417972832,-0.334537206428044
"Rare epithelial","POU2F3","Stem/ISC-like epithelial cells",9306,0.00272057155294445,0.601762303889964,-0.347206752642496
"Rare epithelial","POU2F3","TA / proliferating cells",696,0,0,-0.367854207904649
"Rare epithelial","POU2F3","BEST4+ epithelial cells",2838,0.000663650052421843,0.105708245243129,-0.362817514511205
"Rare epithelial","POU2F3","Rare epithelial cells",1821,0.374549735647302,16.1998901702361,2.47474660583212
"Rare epithelial","POU2F3","Low-confidence / other epithelial",7025,0.00126278335880397,0.099644128113879,-0.358270463313011
"Rare epithelial","NEUROD1","Absorptive epithelial cells",65675,0.00318720034701694,0.27255424438523,-0.351732442420991
"Rare epithelial","NEUROD1","Goblet cells",36188,0.00444811718930147,0.572012821929922,-0.336364309943582
"Rare epithelial","NEUROD1","Regenerative epithelial cells",9570,0.00501446190087106,1.06583072100313,-0.329461665563393
"Rare epithelial","NEUROD1","Stem/ISC-like epithelial cells",9306,0.00468108429493312,1.20352460777993,-0.333524892448183
"Rare epithelial","NEUROD1","TA / proliferating cells",696,0,0,-0.390578237419063
"Rare epithelial","NEUROD1","BEST4+ epithelial cells",2838,0.00314283206341,0.422832980972516,-0.352273205806332
"Rare epithelial","NEUROD1","Rare epithelial cells",1821,0.235054278152719,12.5205930807249,2.47427784578461
"Rare epithelial","NEUROD1","Low-confidence / other epithelial",7025,0.000839768073984767,0.0854092526690391,-0.380343092183067
"Rare epithelial","AVIL","Absorptive epithelial cells",65675,0.0441239443215586,4.04872478111915,-0.295305677157742
"Rare epithelial","AVIL","Goblet cells",36188,0.0255979956503518,3.23864264397038,-0.370402564290658
"Rare epithelial","AVIL","Regenerative epithelial cells",9570,0.0308685272882,7.1055381400209,-0.349037908339025
"Rare epithelial","AVIL","Stem/ISC-like epithelial cells",9306,0.0322888766025921,6.31850419084462,-0.343280372568778
"Rare epithelial","AVIL","TA / proliferating cells",696,0.0190465418068769,3.30459770114943,-0.396959573519804
"Rare epithelial","AVIL","BEST4+ epithelial cells",2838,0.0478865123163473,5.91966173361522,-0.280053710899532
"Rare epithelial","AVIL","Rare epithelial cells",1821,0.726725318197926,28.610653487095,2.47169099548432
"Rare epithelial","AVIL","Low-confidence / other epithelial",7025,0.00925485997102727,0.839857651245552,-0.436651188708778
"Inflammatory / stress-associated","LCN2","Absorptive epithelial cells",65675,0.49294580881684,22.570232204035,-0.370822302389212
"Inflammatory / stress-associated","LCN2","Goblet cells",36188,0.758508269218452,41.8204929810987,0.00629987508172724
"Inflammatory / stress-associated","LCN2","Regenerative epithelial cells",9570,1.10018213570532,75.141065830721,0.491506979728887
"Inflammatory / stress-associated","LCN2","Stem/ISC-like epithelial cells",9306,2.21156028552715,92.2523103374167,2.06976223169706
"Inflammatory / stress-associated","LCN2","TA / proliferating cells",696,0.107570615982196,12.7873563218391,-0.918089154960524
"Inflammatory / stress-associated","LCN2","BEST4+ epithelial cells",2838,0.173951549623177,15.2219873150106,-0.8238223591213
"Inflammatory / stress-associated","LCN2","Rare epithelial cells",1821,0.173789056924981,9.11587040087864,-0.824053113121975
"Inflammatory / stress-associated","LCN2","Low-confidence / other epithelial",7025,1.01406838809908,36.711743772242,0.369217843085341
"Inflammatory / stress-associated","DUOX2","Absorptive epithelial cells",65675,0.049929752015353,2.80928816140084,-0.369398649835035
"Inflammatory / stress-associated","DUOX2","Goblet cells",36188,0.129361513780223,6.46623190007737,0.115926787289667
"Inflammatory / stress-associated","DUOX2","Regenerative epithelial cells",9570,0.0249712200673035,4.38871473354232,-0.521894454517477
"Inflammatory / stress-associated","DUOX2","Stem/ISC-like epithelial cells",9306,0.499555927156717,40.1353965183752,2.37780240859218
"Inflammatory / stress-associated","DUOX2","TA / proliferating cells",696,0.0251842863593388,3.30459770114943,-0.520592626520452
"Inflammatory / stress-associated","DUOX2","BEST4+ epithelial cells",2838,0.0219634192628347,1.62085976039464,-0.540272017947758
"Inflammatory / stress-associated","DUOX2","Rare epithelial cells",1821,0.012504152331921,1.04338275672707,-0.598067826024059
"Inflammatory / stress-associated","DUOX2","Low-confidence / other epithelial",7025,0.119634716718512,6.27758007117438,0.0564963789629308
"Inflammatory / stress-associated","REG3A","Absorptive epithelial cells",65675,0.0154921556440334,0.554244385230301,-0.534638421227857
"Inflammatory / stress-associated","REG3A","Goblet cells",36188,0.0475907681834472,1.97302973361335,0.197375509761159
"Inflammatory / stress-associated","REG3A","Regenerative epithelial cells",9570,0.0026759814904894,0.208986415882968,-0.826913297933383
"Inflammatory / stress-associated","REG3A","Stem/ISC-like epithelial cells",9306,0.125815856058772,10.7779926928863,1.98131099941094
"Inflammatory / stress-associated","REG3A","TA / proliferating cells",696,0.022451669160649,2.1551724137931,-0.375925615781406
"Inflammatory / stress-associated","REG3A","BEST4+ epithelial cells",2838,0.00160902284862841,0.140944326990839,-0.851245458355344
"Inflammatory / stress-associated","REG3A","Rare epithelial cells",1821,0.0151730242402214,0.658978583196046,-0.541916263318996
"Inflammatory / stress-associated","REG3A","Low-confidence / other epithelial",7025,0.0806787668380957,3.28825622775801,0.951952547444887
"Inflammatory / stress-associated","CCL20","Absorptive epithelial cells",65675,0.0753349220739352,4.03349828701941,-0.609856054144114
"Inflammatory / stress-associated","CCL20","Goblet cells",36188,0.144623275205823,10.3846578976456,-0.212795379083651
"Inflammatory / stress-associated","CCL20","Regenerative epithelial cells",9570,0.246482959145293,26.6353187042842,0.370917078181235
"Inflammatory / stress-associated","CCL20","Stem/ISC-like epithelial cells",9306,0.566337284314372,38.3516011175586,2.20385968010599
"Inflammatory / stress-associated","CCL20","TA / proliferating cells",696,0.0101619065519942,1.72413793103448,-0.983333563266186
"Inflammatory / stress-associated","CCL20","BEST4+ epithelial cells",2838,0.192593191802032,13.2487667371388,0.0620988362548149
"Inflammatory / stress-associated","CCL20","Rare epithelial cells",1821,0.0448798937074891,3.18506315211422,-0.784380250139205
"Inflammatory / stress-associated","CCL20","Low-confidence / other epithelial",7025,0.173640543054948,8.19928825622776,-0.046510347908886
"Contamination check","PTPRC","Absorptive epithelial cells",65675,0.00440903912521335,0.298439284354777,-0.571938548606147
"Contamination check","PTPRC","Goblet cells",36188,0.00489403261579322,0.558196087100696,-0.567498116971273
"Contamination check","PTPRC","Regenerative epithelial cells",9570,0.00563711472912771,1.3166144200627,-0.560694715714457
"Contamination check","PTPRC","Stem/ISC-like epithelial cells",9306,0.0138001739015614,2.91209972061036,-0.485956586459819
"Contamination check","PTPRC","TA / proliferating cells",696,0.285429465256941,36.4942528735632,2.00098668539836
"Contamination check","PTPRC","BEST4+ epithelial cells",2838,0.00664281674450938,0.563777307963354,-0.551486858019259
"Contamination check","PTPRC","Rare epithelial cells",1821,0.0217654180323224,1.15321252059308,-0.413029582892346
"Contamination check","PTPRC","Low-confidence / other epithelial",7025,0.19244111667532,13.2526690391459,1.14961772326494
"Contamination check","COL1A1","Absorptive epithelial cells",65675,0.00487473556000145,0.406547392462885,-0.970124034463146
"Contamination check","COL1A1","Goblet cells",36188,0.0121920319631679,1.57510777053167,-0.282677189743881
"Contamination check","COL1A1","Regenerative epithelial cells",9570,0.0111116071410346,2.38244514106583,-0.384181159790868
"Contamination check","COL1A1","Stem/ISC-like epithelial cells",9306,0.0203824795760408,4.28755641521599,0.486800641695529
"Contamination check","COL1A1","TA / proliferating cells",696,0.0234092224719877,4.16666666666667,0.771157696398783
"Contamination check","COL1A1","BEST4+ epithelial cells",2838,0.00571490191167015,0.810429880197322,-0.891191915867538
"Contamination check","COL1A1","Rare epithelial cells",1821,0.00808534473425755,0.768808347062054,-0.668493073400262
"Contamination check","COL1A1","Low-confidence / other epithelial",7025,0.0358368294605714,1.9644128113879,1.93870903517138
"Contamination check","VWF","Absorptive epithelial cells",65675,0.000384295780844076,0.0365435858393605,-0.65097596956897
"Contamination check","VWF","Goblet cells",36188,0.00150857370485487,0.185144246711617,-0.478190421499597
"Contamination check","VWF","Regenerative epithelial cells",9570,0.000382824653420676,0.0626959247648903,-0.651202060958566
"Contamination check","VWF","Stem/ISC-like epithelial cells",9306,0.00651977490099617,1.37545669460563,0.291960024995217
"Contamination check","VWF","TA / proliferating cells",696,0.0185796246195824,2.72988505747126,2.14538763284726
"Contamination check","VWF","BEST4+ epithelial cells",2838,0.000229026911379742,0.0352360817477097,-0.674838589420829
"Contamination check","VWF","Rare epithelial cells",1821,0.000614661684391451,0.0549148819330038,-0.615572002230599
"Contamination check","VWF","Low-confidence / other epithelial",7025,0.00874165466446556,0.540925266903915,0.633431385836081
"Contamination check","RGS5","Absorptive epithelial cells",65675,0.000993512534196851,0.0837457175485345,-0.83702499874139
"Contamination check","RGS5","Goblet cells",36188,0.00219073547315744,0.317784901072179,-0.45278042875293
"Contamination check","RGS5","Regenerative epithelial cells",9570,0.00264157747485062,0.459770114942529,-0.308084244411748
"Contamination check","RGS5","Stem/ISC-like epithelial cells",9306,0.00411243594153002,0.891897700408339,0.163982703732247
"Contamination check","RGS5","TA / proliferating cells",696,0.00690928551031682,1.29310344827586,1.06162191937734
"Contamination check","RGS5","BEST4+ epithelial cells",2838,0.00106055304245317,0.176180408738548,-0.815508579009972
"Contamination check","RGS5","Rare epithelial cells",1821,0.00134487814730987,0.109829763866008,-0.724255417967604
"Contamination check","RGS5","Low-confidence / other epithelial",7025,0.00955903242454664,0.512455516014235,1.91204904577406
