"TF","n_paths","mean_score","max_score","mean_pred_label","tf_mean","tf_pct","core_targets_hit"
"MYC",2068,0.0331997429347156,0.413846514252874,0.960649260870406,0.300710602513447,51.609756097561,"RAN, IMPDH2, PCNA, CDK4, MCM7, PAICS, TK1, TYMS, GINS2, ASCL2, FEN1, MKI67, MCM6, BRCA1"
"STAT3",2029,0.0449254925345098,0.528666393407813,0.933330676180384,0.412466890725956,65.9186991869919,"RAN, IMPDH2, PCNA, CDK4, PAICS, MCM7, TK1, TYMS, GINS2, ASCL2, FEN1, MKI67, MCM6, BRCA1"
"TAF1",1926,0.00743832085677474,0.0792663291126334,0.952502026599169,0.061860313027665,17.4634146341463,"RAN, IMPDH2, PCNA, CDK4, MCM7, PAICS, TK1, TYMS, GINS2, FEN1, MKI67, MCM6, BRCA1"
"FOXA1",1923,0.0200292671639258,0.242820796286599,0.872173332553302,0.173053487927594,39.7073170731707,"RAN, IMPDH2, PCNA, CDK4, PAICS, MCM7, TK1, TYMS, GINS2, ASCL2, FEN1, MCM6, BRCA1"
"NFIC",1880,0.0340441138770183,0.351905864034342,0.96062132062234,0.324707028708742,57.5284552845528,"RAN, IMPDH2, PCNA, CDK4, MCM7, PAICS, TK1, TYMS, GINS2, ASCL2, FEN1, MKI67, MCM6, BRCA1"
"SMC3",1840,0.0304362899857565,0.315209892401081,0.959265977641304,0.291759225597964,55.1219512195122,"RAN, IMPDH2, PCNA, CDK4, MCM7, PAICS, TK1, TYMS, GINS2, FEN1, MKI67, MCM6, BRCA1"
"JUN",1816,0.10000123274502,1.24597821554592,0.947036169542952,1.23490713992536,91.479674796748,"RAN, IMPDH2, PCNA, CDK4, MCM7, PAICS, TK1, TYMS, GINS2, ASCL2, FEN1, MKI67, MCM6, BRCA1"
"STAT1",1800,0.0330877379916914,0.403822142246464,0.934469743383333,0.303160561312915,52.130081300813,"RAN, IMPDH2, PCNA, CDK4, PAICS, MCM7, TK1, GINS2, FEN1, MKI67, MCM6, BRCA1"
"CTCF",1775,0.0177185620841194,0.220673081927216,0.911731056,0.163538704858895,38.5040650406504,"RAN, IMPDH2, PCNA, CDK4, MCM7, PAICS, TK1, TYMS, GINS2, ASCL2, FEN1, MKI67, MCM6, BRCA1"
"E2F1",1727,0.0121513189452562,0.115324057991039,0.949488375385061,0.103380141547362,24.130081300813,"RAN, IMPDH2, PCNA, CDK4, MCM7, PAICS, TK1, TYMS, GINS2, FEN1, MKI67, MCM6, BRCA1"
"HDAC1",1660,0.066561931068053,0.765454544409459,0.85609930689759,0.721244527537025,86.6341463414634,"RAN, IMPDH2, PCNA, CDK4, PAICS, MCM7, TK1, TYMS, GINS2, ASCL2, FEN1, MKI67, MCM6, BRCA1"
"EZH2",1652,0.0149713289961105,0.134650337932035,0.902543873916465,0.141112826182427,32.9430894308943,"RAN, IMPDH2, PCNA, CDK4, MCM7, PAICS, TK1, TYMS, GINS2, ASCL2, FEN1, MKI67, MCM6, BRCA1"
"TRIM28",1620,0.0460721357107829,0.432562804691591,0.956507791191358,0.458687642620294,70.2764227642276,"RAN, IMPDH2, PCNA, CDK4, MCM7, PAICS, TK1, TYMS, ASCL2, FEN1, MKI67, MCM6, BRCA1"
"CTNNB1",1600,0.0555947244935519,0.531860035172763,0.9242623667625,0.640312913955735,77.7235772357724,"RAN, IMPDH2, PCNA, CDK4, MCM7, PAICS, TK1, TYMS, GINS2, FEN1, MKI67, BRCA1"
"BRCA1",1598,0.0116700750705402,0.112149942405369,0.945436146645807,0.105365605081219,24.6829268292683,"RAN, IMPDH2, PCNA, CDK4, MCM7, PAICS, TK1, TYMS, GINS2, FEN1, MKI67, MCM6"
"MYBL2",1537,0.0173340314519509,0.174971185080522,0.96036091548471,0.157869852362844,31.2845528455285,"RAN, IMPDH2, PCNA, CDK4, MCM7, PAICS, TK1, TYMS, GINS2, FEN1, MKI67, BRCA1"
"HDAC2",1527,0.0488489705226584,0.440678715700915,0.877477115710544,0.579474302649076,78.4390243902439,"RAN, IMPDH2, PCNA, CDK4, MCM7, PAICS, TK1, TYMS, GINS2, ASCL2, FEN1, MKI67, MCM6, BRCA1"
"TP53",1474,0.0277355745736097,0.295119355375232,0.959597946736771,0.265136121819159,51.1869918699187,"PCNA, CDK4, MCM7, TK1, TYMS, FEN1, MKI67, MCM6, BRCA1"
"FOXM1",1463,0.0130599878890087,0.168821499030184,0.968975486431989,0.114046971127056,27.1544715447154,"RAN, IMPDH2, PCNA, CDK4, MCM7, PAICS, TK1, TYMS, GINS2, FEN1, MKI67, MCM6, BRCA1"
"FOXA2",1382,0.020741273990267,0.253607464958216,0.885779228198263,0.183212632501425,40.1951219512195,"RAN, IMPDH2, PCNA, PAICS, MCM7, TK1, ASCL2, MCM6, BRCA1"
"AKT1",1243,0.0303538165681609,0.326401513690529,0.944500124038616,0.235493043267711,49.4959349593496,"RAN, IMPDH2, PCNA, CDK4, MCM7, TK1, TYMS, GINS2, ASCL2, MCM6"
"TAF7",1205,0.0344439422948679,0.407607646853088,0.848810549095436,0.334244616886707,60.650406504065,"RAN, IMPDH2, PCNA, CDK4, PAICS, MCM7, TK1, TYMS, FEN1, MCM6, BRCA1"
"YBX1",1111,0.172357757327849,1.65345009723301,0.952554552232223,2.53326568607551,99.609756097561,"RAN, IMPDH2, PCNA, CDK4, TYMS, GINS2, MKI67, BRCA1"
"POLR2A",997,0.0142860856498812,0.139253325902448,0.810512680090271,0.174541723277105,39.8048780487805,"RAN, PCNA, CDK4, IMPDH2, MCM7, TYMS, PAICS, TK1, ASCL2, FEN1, MKI67, GINS2, MCM6, BRCA1"
"SOX9",891,0.0398283710989672,0.422263623881873,0.886476938136925,0.355478220272234,59.4146341463415,"CDK4, PAICS, MCM7, TK1, TYMS, GINS2, FEN1, MKI67, BRCA1"
"SYNCRIP",809,0.0489196319087254,0.440744714830354,0.947052345067985,0.637310702749346,82.5691056910569,"MCM7, GINS2, ASCL2, FEN1, MKI67"
"MYB",808,0.0266332584626217,0.21034781134484,0.857678894455446,0.300027855386228,56.4878048780488,"PCNA, CDK4, MCM7, PAICS, TK1, TYMS, GINS2, MKI67, MCM6"
"EWSR1",726,0.0534413922093286,0.574713957524456,0.950863603939394,0.66963430590696,84.2276422764228,"RAN, MCM7, PAICS, TYMS, GINS2, FEN1, MKI67, BRCA1"
"TCOF1",715,0.0239974767451737,0.199048966729661,0.966915931314685,0.238054731610038,47.6422764227642,"IMPDH2, PCNA, CDK4, MCM7, FEN1, MCM6, BRCA1"
"CHD4",671,0.0352847389587969,0.31059106979612,0.940179248181818,0.327815305909151,60.1626016260163,"RAN, MCM7, PAICS, TK1, TYMS"
"EGFR",633,0.0132899270838919,0.12321471496605,0.920868766398104,0.103071076863293,26.5040650406504,"RAN, IMPDH2, CDK4, PAICS, TYMS, MKI67"
"NFKB1",628,0.0286472379470272,0.299132637857033,0.830271813503185,0.212092349551269,45.8536585365854,"IMPDH2, CDK4, TK1, GINS2, MCM7"
"UHRF1",550,0.00950642842541791,0.0611156141107397,0.983855157927273,0.12148483662946,26.9593495934959,"MCM7, TK1, TYMS, GINS2, FEN1, MKI67, BRCA1"
"MCM3",495,0.0314562459334819,0.368332931564552,0.978699260969697,0.377004974926823,58.0162601626016,"RAN, PCNA, MCM7, TK1, TYMS, FEN1, MKI67, MCM6"
"TRIP13",495,0.00685497751405462,0.0753927709043115,0.962597850141414,0.0717360987432636,18.3089430894309,"RAN, PCNA, MCM7, TK1, TYMS, FEN1, MKI67, MCM6"
"MCM2",484,0.0138084020129324,0.119353977512512,0.983997495,0.141625187493304,31.1219512195122,"PCNA, CDK4, MCM7, TK1, TYMS, GINS2, ASCL2, FEN1, MKI67, MCM6"
"CEBPZ",439,0.0222489593200095,0.173075998323405,0.859896790296128,0.256143265894222,52.8130081300813,"MCM7, GINS2, MCM6"
"HMGB2",418,0.0616347428594821,0.424828790945688,0.978202935837321,0.971934589011022,79.479674796748,"PCNA, CDK4, MCM7, TYMS, MKI67, MCM6"
"GATA6",411,0.0239798936770281,0.253451785604387,0.842605515328467,0.196813992256445,43.4471544715447,"CDK4, GINS2, ASCL2, MCM6"
"CBX5",409,0.0284701120605814,0.27960159714926,0.938018886381418,0.308642485817404,57.2682926829268,"RAN, CDK4, MCM7, TK1, GINS2, FEN1, MCM6, BRCA1"
"MCM7",407,0.0421991903737717,0.287097685831361,0.979417384963145,0.580899838686852,67.349593495935,"PCNA, TK1, TYMS, FEN1, MKI67, MCM6"
"EED",374,0.0113172229104146,0.0672487684209386,0.936659430534759,0.128445140623976,31.5447154471545,"ASCL2, BRCA1"
"PCBP1",371,0.0874955640002511,0.684605575485045,0.880841015013477,1.02720366079435,93.9512195121951,"RAN, PCNA, CDK4, MCM7, TYMS, GINS2, MKI67"
"HMGA1",364,0.0781892310266625,0.808615276415499,0.941099133461539,1.17061607664057,92.520325203252,"PCNA, MCM6, BRCA1"
"DNMT1",363,0.0352276471403093,0.261105729825512,0.974783577768595,0.335810189349186,56.0325203252033,"PCNA, CDK4, MCM7, PAICS, FEN1, MCM6, BRCA1"
"RUVBL1",352,0.0314829915748477,0.275921605871903,0.846424953551136,0.281246567014948,53.8211382113821,"RAN, IMPDH2, PCNA, CDK4, PAICS, MCM7, TK1, GINS2"
"SRC",352,0.0119583162601447,0.0854201005708642,0.940580274005682,0.0976830713913821,25.7235772357724,"CDK4, PAICS, GINS2, ASCL2, MKI67"
"HIF1A",350,0.0436732878716611,0.457844923853851,0.799748586742857,0.405040270698527,66.0162601626016,""
"XRN2",348,0.0318766398288577,0.215502621320398,0.81512549545977,0.366621965907317,64.1626016260163,"RAN, CDK4, IMPDH2, MCM7, TK1, BRCA1"
"PIK3CA",344,0.00578033872801282,0.0455432189535199,0.836462297296512,0.0446159410697076,12.8130081300813,"RAN, CDK4, PAICS, MCM7, GINS2, MCM6"
"MCM6",341,0.0192247768248895,0.127326765794014,0.983175559765396,0.226171701643235,42.0813008130081,"PCNA, MCM7, TK1, TYMS, FEN1, MKI67"
"CDK4",337,0.0538473217242373,0.432348115238381,0.956340414094956,0.619990138846123,74.7642276422764,"IMPDH2, MCM7, FEN1"
"MCM4",330,0.0170256642432309,0.113954966596966,0.985206797151515,0.199277912158464,40.0975609756098,"PCNA, MCM7, TK1, TYMS, FEN1, MKI67, MCM6"
"PARK7",295,0.0920045354998183,0.87265419970655,0.949375129491525,1.57604545859656,97.8861788617886,"GINS2, MKI67"
"SRSF3",286,0.105702852494707,1.00346921072918,0.959519538496504,1.37126120898946,97.3658536585366,"RAN, PAICS, GINS2, FEN1, BRCA1"
"RUVBL2",277,0.0630158596308123,0.396142770764039,0.927076785776173,0.557855657432312,76.520325203252,"IMPDH2, CDK4, MCM7, PAICS, GINS2, FEN1"
"PARP1",275,0.0431575571860028,0.425497380685125,0.9446858908,0.487563707356121,71.609756097561,"PCNA, MKI67, BRCA1"
"RAD51",264,0.0115180273908401,0.0676236629842806,0.954083000606061,0.113194668473702,25.6585365853659,"CDK4, MCM7, TK1, BRCA1"
"MTOR",259,0.0102639144471923,0.114108580795087,0.870988395135135,0.0902230489898275,24.5853658536585,"PCNA, MCM6"
"SNRNP70",253,0.0686938416182982,0.437080510278451,0.94451801173913,0.628383419697146,81.2357723577236,"IMPDH2, MCM7, TK1, TYMS"
"ASF1B",253,0.0144551084221984,0.0727317821623985,0.984712971620553,0.1996799838609,37.1707317073171,"TYMS, MKI67"
"PHB2",242,0.0867758323306765,0.756074806059179,0.977047311157025,0.917856259144093,90.9593495934959,"RAN, IMPDH2, PAICS, BRCA1"
"FUS",220,0.08721829295159,0.588996984409363,0.963928584090909,0.919280925765364,91.4146341463415,"MCM7, TYMS"
"U2AF1",209,0.10035551149453,0.686382083665235,0.918578721674641,1.26273665162921,94.8617886178862,"CDK4, MCM7"
"SFPQ",209,0.0820688371693091,0.68372069471579,0.956577610669856,0.826124092603662,89.4308943089431,"FEN1"
"DEK",209,0.0731019476181491,0.428565160051313,0.966846573444976,0.997498350315569,90.6991869918699,"PCNA, FEN1, MKI67"
"TTF2",206,0.00839282608192873,0.0591259133477915,0.862517170582524,0.0987923258384525,25.8861788617886,"IMPDH2, FEN1"
"ELF3",205,0.122478567056295,1.06160284970478,0.822821750829268,1.4237816797891,97.5284552845528,""
"UBB",202,0.186185040699057,1.73894344468749,0.927057979405941,2.16247889893094,99.5121951219512,"MCM7"
"U2AF2",198,0.0249275074261225,0.172235764783651,0.918648277575758,0.253560300641119,52.4552845528455,"CDK4, TK1, FEN1, BRCA1"
"MLXIP",197,0.0712523765906245,0.490510604031417,0.850916499390863,0.857885850247838,88.1951219512195,"MCM7, TYMS, GINS2, MKI67, MCM6"
"HNRNPC",187,0.0981841141047717,0.917250399020358,0.95088694828877,1.19086922428226,96.390243902439,"RAN"
"CHEK1",187,0.0156848765554731,0.159238055725419,0.94998161171123,0.137732475071768,31.5121951219512,"BRCA1"
"ILF3",186,0.0493375461194297,0.33610727620613,0.884460834086021,0.5416155383689,77.2357723577236,"IMPDH2, MKI67"
"RPA2",183,0.0238602328759289,0.151251286981626,0.869022844426229,0.204542688778304,42.8617886178862,"IMPDH2, CDK4, TYMS, FEN1"
"HNRNPK",179,0.0987014189690043,1.19208452507877,0.836370787988827,1.33414240638396,97.8211382113821,"CDK4"
"PSIP1",169,0.028691119346939,0.180684052475179,0.920899517573964,0.285621388055516,51.1869918699187,""
"SSRP1",163,0.0526386512794434,0.500263205475092,0.919047107852761,0.587091841009554,78.4715447154472,"RAN, IMPDH2, ASCL2, FEN1, BRCA1"
"PLK1",156,0.012244025301928,0.0851511617078354,0.933776970064103,0.122126314437578,22.2439024390244,"PAICS, MKI67"
"ERBB3",155,0.0607859690166218,0.491338017992159,0.806814628709677,0.429791736239691,69.0081300813008,""
"PRKDC",154,0.0237818819324371,0.142592464528755,0.842764037532468,0.372300627995636,62.2113821138211,"MCM6, BRCA1"
"XRCC5",143,0.0702494531596833,0.344503405711182,0.964330397692308,0.748100947579145,86.5365853658537,"PCNA, FEN1"
"MCM5",143,0.0203823584817693,0.126256535536433,0.929647768741259,0.278240655710029,47.1219512195122,"MCM7, MCM6"
"CDK2",143,0.0111714633162453,0.100974369483734,0.855978526993007,0.0799603757499007,20.5853658536585,"CDK4, PAICS, ASCL2"
"AURKA",141,0.00867390242818666,0.0454271743009395,0.79241312858156,0.122726170905614,27.3170731707317,"IMPDH2, MCM7, PAICS, MCM6"
"UPF1",138,0.0175031056840735,0.115078566976641,0.918503195724638,0.142422112935055,34.6341463414634,"IMPDH2"
"CENPK",132,0.0130812464202219,0.0671572818987428,0.971823364393939,0.18563486383356,38.2439024390244,""
"AATF",121,0.0121996547596189,0.0571704152047809,0.796477000330579,0.204645572528409,45.6260162601626,""
"CHAF1B",119,0.00869623379037582,0.065921632693062,0.874753601092437,0.0703575280179914,18.7317073170732,"IMPDH2"
"ARRB1",119,0.0109446684752431,0.0595935108834007,0.822660854537815,0.14509398481475,35.1219512195122,"CDK4"
"SF1",112,0.0396149196284241,0.208363065981781,0.852445040892857,0.49276122231317,75.3821138211382,"MKI67"
"EPCAM",110,0.223389454473229,1.4055837987769,0.925977933454545,2.60536842465858,99.9024390243902,"IMPDH2"
"ILK",110,0.0313552852640143,0.142844774441884,0.890046500090909,0.295598573761819,56.8780487804878,""
"TOP2A",103,0.025584765262548,0.125752727762873,0.853940776116505,0.24725461147683,35.1219512195122,"FEN1, MCM6"
"HNF4A",100,0.0550125511266152,0.33117175164082,0.7776527076,0.306098652506135,52.0975609756098,""
"MELK",99,0.0160508255804912,0.106962801686992,0.911700122121212,0.105509833807864,25.3658536585366,"RAN"
"PTGDR",99,0.0126546927606795,0.0632060214984364,0.990189312929293,0.13603579803978,28.4552845528455,"TK1, TYMS, BRCA1"
"CDX2",85,0.114625699951591,0.639373537500866,0.785313606,0.654641414441462,80.4552845528455,""
"DDX21",85,0.0416468474753785,0.249371480532753,0.846042477882353,0.620575676500549,79.5447154471545,"MCM7, BRCA1"
"LMNA",81,0.141178849034359,1.39750938273687,0.84586741654321,1.45899825911275,97.6910569105691,""
"TAF9",77,0.105586023415826,0.669681541488945,0.985576545194805,0.76653364783801,87.9674796747967,"RAN, PCNA, CDK4"
"AURKB",77,0.0187012756477003,0.0943156338836006,0.927097850909091,0.172687925704082,29.8211382113821,"PAICS"
"CD74",70,0.125336967003816,0.378708105270903,0.897015415571429,2.25365168545094,98.2113821138211,"CDK4, PAICS, TK1"
"RBBP4",68,0.0367825370034763,0.178983161121187,0.776850754117647,0.444677931210699,70.6991869918699,"PCNA, BRCA1"
"PA2G4",66,0.132866299079364,0.561620412717558,0.950974580757576,1.09916944615745,92.9105691056911,"IMPDH2, CDK4, PAICS"
"RBBP7",66,0.0498657391047182,0.360296934634265,0.87238866969697,0.477965224605911,71.219512195122,"RAN, PCNA, BRCA1"
"EPHB2",66,0.0339360600240417,0.246607467714511,0.931821864545455,0.38701450183977,62.2764227642276,""
"POLR2E",55,0.0573623045284661,0.493460445389847,0.861113368909091,0.734235318435007,84.8455284552846,"BRCA1"
"PPIF",55,0.0292123197020514,0.113606724430532,0.870017284181818,0.400251538763564,65.9186991869919,"ASCL2"
"CHAF1A",55,0.0195980102741241,0.109457170821308,0.910965128363636,0.147345054806041,32.3252032520325,"PCNA"
"SMC1A",53,0.0322994004300526,0.132820751269026,0.792690893018868,0.324095779848236,57.4308943089431,"PCNA"
"SMC4",52,0.041512906442434,0.178262711546457,0.921071354230769,0.406666749761893,61.3658536585366,""
"SAFB",48,0.0338930541777827,0.116651712523051,0.785464369791667,0.261716993714536,53.6260162601626,"TYMS"
"PARP2",42,0.0140437857228489,0.0712453953303023,0.816688447142857,0.0681357827872699,18.7642276422764,"RAN"
"PHIP",39,0.0250790462334661,0.0640650104010489,0.788390881282051,0.267515283923162,53.1707317073171,"TK1, TYMS"
"EIF4EBP1",37,0.0784239364881547,0.541976908129724,0.832168115135135,0.866161871318302,84.7479674796748,"BRCA1"
"GTF2I",33,0.0935099322252141,0.413734219657069,0.862353613030303,0.33653144311988,60.520325203252,""
"HOXB9",33,0.0475670328504908,0.224898420562251,0.983107692121212,0.305245503110232,56.4227642276423,""
"HRAS",33,0.0269189134075148,0.132670620709772,0.974568475151515,0.267862433554246,53.2357723577236,"CDK4"
"MDC1",32,0.00237511844019799,0.00722949021402642,0.8327712703125,0.0647185446256436,17.3983739837398,"BRCA1"
"SRSF7",24,0.0819723863757847,0.330456379187152,0.7793092675,0.982084104333404,92.4878048780488,"TYMS"
"GTF3A",24,0.0382244703290937,0.114941521778851,0.790789273333333,0.68978383631068,82.6341463414634,"TYMS"
"SNRPD1",22,0.100769767142398,0.455014325388912,0.895366197727273,1.26381810220034,96.2276422764228,"PCNA"
"XRCC6",22,0.0847531534399205,0.373208266245959,0.88251192,0.952768685529741,91.3821138211382,"PCNA"
"NPM1",22,0.0803093003342077,0.267957105521529,0.886239707272727,2.13758191421096,98.9268292682927,""
"PREB",22,0.0419334403235585,0.131021649097223,0.781583447272727,0.257254744844078,50.5365853658537,""
"MAD2L1",22,0.023198787197939,0.0660115733486034,0.975138685909091,0.274243640927035,45.6260162601626,""
"HES6",22,0.0154415283706493,0.0581795096168261,0.912303935909091,0.348264137231259,52.1951219512195,""
"FANCI",22,0.00423546354439747,0.0127235717376844,0.880484774090909,0.105403734951955,26.1463414634146,"BRCA1"
"ITGB1",20,0.0346081014780077,0.138943837468109,0.981765527,0.572004307835447,77.7560975609756,""
"POLR1C",20,0.0451208867537256,0.133397902390583,0.800017558,0.2025902898767,44.0650406504065,"IMPDH2"
"BAZ1B",16,0.0195169746469976,0.0705143292952399,0.800495218125,0.22367237808936,47.4146341463415,"PCNA"
"PHGDH",12,0.0252543756875996,0.0764107243937504,0.81210964,0.12233260943179,23.1544715447154,""
"ACTR3",11,0.184913213034166,0.542628879616187,0.837786898181818,0.669013401771667,82.7642276422764,""
"ENO1",11,0.136130097768885,0.376550121068953,0.954844418181818,2.02101888215343,99.0894308943089,""
"PCNA",11,0.0287912980808825,0.0786442645857595,0.939211399090909,0.727826630123861,75.5447154471545,""
"ASCL2",11,0.0252507048483611,0.069395380734419,0.938063722727273,0.335995805550024,34.9918699186992,""
"CDK1",11,0.023744160685204,0.0645154766225908,0.923477491818182,0.258193785958276,38.4390243902439,""
"MAPK13",11,0.0179290011870151,0.0518467297260313,0.836226773636364,0.466408370009428,72.9430894308943,""
"GJB2",11,0.0156886370771844,0.0454845278255963,0.925854043636364,0.170481427526037,38.6991869918699,""
"PRC1",11,0.00745347630203079,0.0203929914116802,0.938315629090909,0.146730982207813,30.9268292682927,""
"NCL",10,0.0734131724475162,0.220626269601959,0.953680121,1.1471522159557,93.6260162601626,""
"INSR",10,0.0281467096395285,0.0750308829350146,0.990418945,0.233570004472993,45.7886178861789,""
"CD44",10,0.0248912129734377,0.0693063669686053,0.945661966,0.610018016044083,78.2439024390244,""
"HNRNPD",8,0.0178026626727252,0.0402760304106144,0.8113285225,0.874816139391303,88.520325203252,""
"CDX1",6,0.215178489355403,0.445158811672108,0.775844905,1.34564844181665,97.2032520325203,""
"NTRK2",6,0.0215038880525527,0.0624594358107901,0.76807719,0.149790967928366,25.8211382113821,""
"KLF6",1,0.0345396740899746,0.0345396740899746,0.75891954,0.781362893562445,78.6666666666667,""
