"package","version"
"abind","1.4-8"
"alabama","2025.1.0"
"Amelia","1.8.3"
"askpass","1.2.1"
"assertthat","0.2.1"
"backports","1.5.1"
"base64enc","0.1-6"
"bayestestR","0.18.1"
"BB","2026.1.0"
"bbmle","1.0.26"
"bdsmatrix","1.3-7"
"BiasedUrn","2.0.12"
"bit","4.6.0"
"bit64","4.8.4"
"blme","1.0-7"
"brio","1.1.5"
"broom","1.0.13"
"cachem","1.1.0"
"calculus","1.1.0"
"callr","3.8.0"
"car","3.1-5"
"carData","3.0-6"
"checkmate","2.3.4"
"cli","3.6.6"
"clipr","0.8.1"
"clubSandwich","0.7.0"
"cmprsk","2.2-12"
"coda","0.19-4.1"
"colorspace","2.1-3"
"commonmark","2.0.0"
"CompQuadForm","1.4.4"
"correlation","0.8.8"
"cowplot","1.2.0"
"cpp11","0.5.5"
"crayon","1.5.3"
"crosstalk","1.2.2"
"data.table","1.18.6.1"
"datawizard","1.3.1"
"DBI","1.3.0"
"deldir","2.0-4"
"Deriv","4.3.0"
"desc","1.4.3"
"dfoptim","2023.1.0"
"diffobj","0.3.8"
"digest","0.6.39"
"doParallel","1.0.17"
"dotwhisker","0.8.6"
"dplyr","1.2.1"
"effectsize","1.0.3"
"estimability","2.0.0"
"estmeansd","1.0.1"
"etm","1.1.2"
"evaluate","1.0.5"
"fansi","1.0.7"
"farver","2.1.2"
"fastmap","1.2.0"
"fontawesome","0.5.3"
"forcats","1.0.1"
"foreach","1.5.2"
"forecast","9.0.2"
"Formula","1.2-6"
"fracdiff","1.5-4"
"fs","2.1.0"
"furrr","0.4.0"
"future","1.75.0"
"future.apply","1.20.2"
"gamm4","0.3-0"
"gap","1.15.2"
"generics","0.1.4"
"GLMMadaptive","0.9-7"
"glmulti","1.0.8"
"globals","0.19.1"
"glue","1.8.1"
"gridExtra","2.3.1"
"gsl","2.1-9"
"gtable","0.3.6"
"haven","2.5.5"
"highr","0.12"
"hms","1.1.4"
"htmltools","0.5.9"
"htmlwidgets","1.6.4"
"httpuv","1.6.17"
"httr","1.4.8"
"huxtable","5.8.0"
"insight","1.5.2"
"interp","1.1-6"
"isoband","0.3.0"
"iterators","1.0.14"
"jomo","2.7-6"
"jpeg","0.1-11"
"jquerylib","0.1.4"
"jsonlite","2.0.0"
"knitr","1.51"
"labeling","0.4.3"
"later","1.4.8"
"latticeExtra","0.6-31"
"lazyeval","0.2.3"
"lbfgsb3c","2024-3.5"
"leaps","3.2"
"lifecycle","1.0.5"
"listenv","1.0.0"
"litedown","0.11"
"lmerTest","3.2-1"
"lmtest","0.9-40"
"magrittr","2.0.5"
"marginaleffects","0.32.0"
"markdown","2.0"
"mathjaxr","2.0-0"
"MatrixModels","0.5-4"
"matrixStats","1.5.0"
"memoise","2.0.1"
"MEMSS","0.9-4"
"merDeriv","0.2-6"
"metaBLUE","1.0.0"
"metadat","1.6-0"
"metafor","5.0-1"
"mice","3.19.0"
"mime","0.13"
"minqa","1.2.8"
"mitml","0.4-5"
"mitools","2.7"
"mnormt","2.1.2"
"modelbased","0.17.0"
"modelr","0.1.11"
"multcomp","1.4-32"
"MuMIn","1.48.19"
"mvtnorm","1.4-2"
"nloptr","2.2.1"
"nonnest2","0.5-9"
"numDeriv","2016.8-1.1"
"optimParallel","1.0-3"
"optimx","2025-4.9"
"ordinal","2026.7-26"
"otel","0.2.0"
"pan","2.0"
"parallelly","1.48.0"
"parameters","0.29.2"
"pbapply","1.7-5"
"pbivnorm","0.6.0"
"pbkrtest","0.5.5"
"phylolm","2.6.5"
"pillar","1.11.1"
"pixmap","0.4-14"
"pkgbuild","1.4.8"
"pkgconfig","2.0.3"
"pkgload","1.5.3"
"plyr","1.8.9"
"png","0.1-9"
"pracma","2.4.6"
"praise","1.0.0"
"processx","3.9.0"
"promises","1.5.0"
"ps","1.9.3"
"purrr","1.2.2"
"quadprog","1.5-8"
"quantreg","6.1"
"R.cache","0.17.0"
"R.methodsS3","1.8.2"
"R.oo","1.27.1"
"R.rsp","0.46.0"
"R.utils","2.13.0"
"R6","2.6.1"
"rappdirs","0.3.4"
"rbibutils","2.4.1"
"RColorBrewer","1.1-3"
"Rdpack","2.6.6"
"readr","2.2.0"
"reformulas","0.4.4"
"reshape2","1.4.5"
"rJava","1.0-18"
"rlang","1.3.0"
"robumeta","2.1"
"rprojroot","2.1.1"
"rr2","1.1.1"
"Rsolnp","2.0.1"
"rstudioapi","0.19.0"
"S7","0.2.2"
"sandwich","3.1-3"
"sass","0.4.10"
"scales","1.4.0"
"see","0.14.1"
"shape","1.4.6.1"
"sourcetools","0.1.7-2"
"SparseM","1.84-2"
"statmod","1.5.2"
"stringr","1.6.0"
"subplex","1.9"
"survey","4.5"
"sys","3.4.3"
"testthat","3.3.2"
"texreg","1.40"
"tibble","3.3.1"
"tidyr","1.3.2"
"tidyselect","1.2.1"
"timeDate","4052.112"
"tinytex","0.60"
"TMB","1.9.25"
"truncnorm","1.0-9"
"tzdb","0.5.0"
"ucminf","1.2.3"
"urca","1.3-4"
"utf8","1.2.6"
"vctrs","0.7.3"
"viridisLite","0.4.3"
"vroom","1.7.1"
"waldo","0.6.2"
"wildmeta","0.3.2"
"withr","3.0.3"
"xfun","0.60"
"xml2","1.6.0"
"xtable","1.8-8"
"xts","0.14.2"
"yaml","2.3.12"
"zoo","1.9-0"
"base","4.5.2"
"boot","1.3-32"
"class","7.3-23"
"cluster","2.1.8.1"
"codetools","0.2-20"
"compiler","4.5.2"
"datasets","4.5.2"
"foreign","0.8-90"
"graphics","4.5.2"
"grDevices","4.5.2"
"grid","4.5.2"
"KernSmooth","2.23-26"
"lattice","0.22-7"
"MASS","7.3-65"
"Matrix","1.7-4"
"methods","4.5.2"
"mgcv","1.9-3"
"nlme","3.1-168"
"nnet","7.3-20"
"parallel","4.5.2"
"rpart","4.1.24"
"spatial","7.3-18"
"splines","4.5.2"
"stats","4.5.2"
"stats4","4.5.2"
"survival","3.8-3"
"tcltk","4.5.2"
"tools","4.5.2"
"translations","4.5.2"
"utils","4.5.2"
