"donor_id","cohort","mean_score.negative","mean_score.positive","delta","module"
"GSE214695_HC2","GSE214695",-0.0572221039838225,NA,NA,"Reactome_purine_GART_excluded"
"GSE214695_HC3","GSE214695",0.0146050342058451,0.525088876164734,0.510483841958889,"Reactome_purine_GART_excluded"
"GSE214695_HC5","GSE214695",0.217622082495088,NA,NA,"Reactome_purine_GART_excluded"
"GSE214695_UC1","GSE214695",-0.0684485236994362,NA,NA,"Reactome_purine_GART_excluded"
"GSE214695_UC2","GSE214695",0.113221824201914,0.152341757796736,0.0391199335948217,"Reactome_purine_GART_excluded"
"GSE214695_UC3","GSE214695",0.063580149382125,0.245438204039976,0.181858054657851,"Reactome_purine_GART_excluded"
"GSE214695_UC4","GSE214695",-0.0508618742698224,0.202879500680764,0.253741374950587,"Reactome_purine_GART_excluded"
"GSE214695_UC5","GSE214695",-0.0620268510674071,-0.0511441694557221,0.010882681611685,"Reactome_purine_GART_excluded"
"GSE214695_UC6","GSE214695",0.0170197298695472,0.152070000756947,0.135050270887399,"Reactome_purine_GART_excluded"
"SCP259_N10","SCP259",0.22414832104078,NA,NA,"Reactome_purine_GART_excluded"
"SCP259_N106","SCP259",0.153509943987371,0.211402647974528,0.0578927039871573,"Reactome_purine_GART_excluded"
"SCP259_N110","SCP259",0.0392903789897276,NA,NA,"Reactome_purine_GART_excluded"
"SCP259_N111","SCP259",0.0642061577086225,0.128180199712146,0.0639740420035239,"Reactome_purine_GART_excluded"
"SCP259_N12","SCP259",0.127348987386879,NA,NA,"Reactome_purine_GART_excluded"
"SCP259_N14","SCP259",0.142180327615724,0.287440496277341,0.145260168661617,"Reactome_purine_GART_excluded"
"SCP259_N15","SCP259",-0.0077079110820174,NA,NA,"Reactome_purine_GART_excluded"
"SCP259_N19","SCP259",0.387436911929016,0.165516056685815,-0.221920855243202,"Reactome_purine_GART_excluded"
"SCP259_N21","SCP259",-0.0197512104189343,NA,NA,"Reactome_purine_GART_excluded"
"SCP259_N23","SCP259",0.00561050207201841,0.114652148991274,0.109041646919256,"Reactome_purine_GART_excluded"
"SCP259_N24","SCP259",0.19628950195076,0.266420097398261,0.0701305954475017,"Reactome_purine_GART_excluded"
"SCP259_N26","SCP259",0.0792371409857642,0.322885840904185,0.243648699918421,"Reactome_purine_GART_excluded"
"SCP259_N44","SCP259",0.111777647447117,0.151624422222289,0.0398467747751714,"Reactome_purine_GART_excluded"
"SCP259_N49","SCP259",0.166655452249804,0.20144407377637,0.0347886215265658,"Reactome_purine_GART_excluded"
"SCP259_N50","SCP259",0.1294856886048,0.143145847240447,0.0136601586356477,"Reactome_purine_GART_excluded"
"SCP259_N51","SCP259",0.203443560282152,0.1955315265528,-0.00791203372935198,"Reactome_purine_GART_excluded"
"SCP259_N52","SCP259",0.0114438740252756,0.0259646540970687,0.0145207800717931,"Reactome_purine_GART_excluded"
"SCP259_N539","SCP259",0.0933465644434889,0.101288151823944,0.0079415873804551,"Reactome_purine_GART_excluded"
"SCP259_N58","SCP259",0.0854029261229665,0.155206404857767,0.0698034787348009,"Reactome_purine_GART_excluded"
"SCP259_N661","SCP259",0.0975176267604782,0.20110066992584,0.103583043165362,"Reactome_purine_GART_excluded"
"SCP259_N7","SCP259",0.188027018162021,0.15529852687261,-0.0327284912894107,"Reactome_purine_GART_excluded"
"SCP259_N9","SCP259",0.144221611144445,0.240548395380163,0.0963267842357181,"Reactome_purine_GART_excluded"
"GSE214695_HC4","GSE214695",NA,0.243989752279693,NA,"Reactome_purine_GART_excluded"
"GSE214695_HC6","GSE214695",NA,0.179616677641486,NA,"Reactome_purine_GART_excluded"
"GSE214695_HC2","GSE214695",-0.0134708079920278,NA,NA,"Reactome_DNA_replication"
"GSE214695_HC3","GSE214695",0.268188392839902,0.376154404411276,0.107966011571374,"Reactome_DNA_replication"
"GSE214695_HC5","GSE214695",0.181056755231064,NA,NA,"Reactome_DNA_replication"
"GSE214695_UC1","GSE214695",0.236268259328948,NA,NA,"Reactome_DNA_replication"
"GSE214695_UC2","GSE214695",0.236039056864673,0.248976553900839,0.0129374970361654,"Reactome_DNA_replication"
"GSE214695_UC3","GSE214695",0.18612491370429,0.274139233867902,0.0880143201636116,"Reactome_DNA_replication"
"GSE214695_UC4","GSE214695",0.224638145066656,0.412049922020577,0.187411776953921,"Reactome_DNA_replication"
"GSE214695_UC5","GSE214695",0.0865199580793116,0.520122619845868,0.433602661766556,"Reactome_DNA_replication"
"GSE214695_UC6","GSE214695",0.188855431825858,0.312379953700503,0.123524521874646,"Reactome_DNA_replication"
"SCP259_N10","SCP259",0.220706345023728,NA,NA,"Reactome_DNA_replication"
"SCP259_N106","SCP259",0.239761658126763,0.29170550467386,0.0519438465470968,"Reactome_DNA_replication"
"SCP259_N110","SCP259",0.175388629105542,NA,NA,"Reactome_DNA_replication"
"SCP259_N111","SCP259",0.239647540027828,0.299220078195264,0.0595725381674359,"Reactome_DNA_replication"
"SCP259_N12","SCP259",0.343525734157687,NA,NA,"Reactome_DNA_replication"
"SCP259_N14","SCP259",0.352661662613474,0.278007676007576,-0.0746539866058979,"Reactome_DNA_replication"
"SCP259_N15","SCP259",0.25270362553694,NA,NA,"Reactome_DNA_replication"
"SCP259_N19","SCP259",0.283545244747228,0.303214377262907,0.0196691325156791,"Reactome_DNA_replication"
"SCP259_N21","SCP259",0.287175834733624,NA,NA,"Reactome_DNA_replication"
"SCP259_N23","SCP259",0.204404319500366,0.296189867363047,0.0917855478626809,"Reactome_DNA_replication"
"SCP259_N24","SCP259",0.298390347150399,0.349441930515423,0.0510515833650243,"Reactome_DNA_replication"
"SCP259_N26","SCP259",0.275350970494064,0.211808764942323,-0.0635422055517412,"Reactome_DNA_replication"
"SCP259_N44","SCP259",0.244847749564486,0.283060572698626,0.0382128231341392,"Reactome_DNA_replication"
"SCP259_N49","SCP259",0.245365446289617,0.281723867420405,0.036358421130788,"Reactome_DNA_replication"
"SCP259_N50","SCP259",0.232172675140945,0.288038349470572,0.0558656743296267,"Reactome_DNA_replication"
"SCP259_N51","SCP259",0.223827163235369,0.203780617201643,-0.0200465460337267,"Reactome_DNA_replication"
"SCP259_N52","SCP259",0.172618486617814,0.222833901783846,0.050215415166032,"Reactome_DNA_replication"
"SCP259_N539","SCP259",0.211056960096338,0.235307259529937,0.0242502994335989,"Reactome_DNA_replication"
"SCP259_N58","SCP259",0.238452469358942,0.281783518923561,0.043331049564619,"Reactome_DNA_replication"
"SCP259_N661","SCP259",0.192651439223932,0.259218085909631,0.0665666466856991,"Reactome_DNA_replication"
"SCP259_N7","SCP259",0.303209377233285,0.294449575692392,-0.00875980154089318,"Reactome_DNA_replication"
"SCP259_N9","SCP259",0.306508906607185,0.370699844276348,0.0641909376691632,"Reactome_DNA_replication"
"GSE214695_HC4","GSE214695",NA,0.472230316141036,NA,"Reactome_DNA_replication"
"GSE214695_HC6","GSE214695",NA,0.34291888028625,NA,"Reactome_DNA_replication"
"GSE214695_HC2","GSE214695",0.0595529072552672,NA,NA,"Reactome_DNA_repair"
"GSE214695_HC3","GSE214695",0.137172970741239,0.207724156805005,0.0705511860637654,"Reactome_DNA_repair"
"GSE214695_HC5","GSE214695",0.0985989232736115,NA,NA,"Reactome_DNA_repair"
"GSE214695_UC1","GSE214695",0.139826626866931,NA,NA,"Reactome_DNA_repair"
"GSE214695_UC2","GSE214695",0.140388574582165,0.166147230897075,0.0257586563149101,"Reactome_DNA_repair"
"GSE214695_UC3","GSE214695",0.117959209774332,0.184180389144822,0.0662211793704896,"Reactome_DNA_repair"
"GSE214695_UC4","GSE214695",0.101405675562723,0.226792125179099,0.125386449616376,"Reactome_DNA_repair"
"GSE214695_UC5","GSE214695",0.0843232567154135,0.239270396336502,0.154947139621089,"Reactome_DNA_repair"
"GSE214695_UC6","GSE214695",0.108341404823934,0.177445950492981,0.0691045456690468,"Reactome_DNA_repair"
"SCP259_N10","SCP259",0.121042644087367,NA,NA,"Reactome_DNA_repair"
"SCP259_N106","SCP259",0.118226741572219,0.149635715055411,0.0314089734831919,"Reactome_DNA_repair"
"SCP259_N110","SCP259",0.0809141136988565,NA,NA,"Reactome_DNA_repair"
"SCP259_N111","SCP259",0.117930122264507,0.150116413408967,0.0321862911444601,"Reactome_DNA_repair"
"SCP259_N12","SCP259",0.164926349953823,NA,NA,"Reactome_DNA_repair"
"SCP259_N14","SCP259",0.176014323300335,0.140721561711992,-0.0352927615883432,"Reactome_DNA_repair"
"SCP259_N15","SCP259",0.116201466149482,NA,NA,"Reactome_DNA_repair"
"SCP259_N19","SCP259",0.150522095901225,0.150516855609906,-5.24029131832027e-06,"Reactome_DNA_repair"
"SCP259_N21","SCP259",0.132666450997144,NA,NA,"Reactome_DNA_repair"
"SCP259_N23","SCP259",0.101423208965658,0.150328834458612,0.0489056254929541,"Reactome_DNA_repair"
"SCP259_N24","SCP259",0.143913627592141,0.170558748997466,0.0266451214053243,"Reactome_DNA_repair"
"SCP259_N26","SCP259",0.11613646277489,0.102148308613963,-0.0139881541609264,"Reactome_DNA_repair"
"SCP259_N44","SCP259",0.119712923412915,0.137335690026261,0.0176227666133458,"Reactome_DNA_repair"
"SCP259_N49","SCP259",0.119430754478167,0.139585154901723,0.0201544004235562,"Reactome_DNA_repair"
"SCP259_N50","SCP259",0.110069746749433,0.142760889548109,0.0326911427986762,"Reactome_DNA_repair"
"SCP259_N51","SCP259",0.110879045037179,0.11412832342225,0.003249278385071,"Reactome_DNA_repair"
"SCP259_N52","SCP259",0.0778400411627661,0.100837813944695,0.0229977727819288,"Reactome_DNA_repair"
"SCP259_N539","SCP259",0.104340792203887,0.119942612576092,0.0156018203722053,"Reactome_DNA_repair"
"SCP259_N58","SCP259",0.120773896636587,0.14384101376709,0.0230671171305035,"Reactome_DNA_repair"
"SCP259_N661","SCP259",0.0913157759538995,0.128853556897154,0.0375377809432541,"Reactome_DNA_repair"
"SCP259_N7","SCP259",0.150511601492953,0.140248613899647,-0.0102629875933057,"Reactome_DNA_repair"
"SCP259_N9","SCP259",0.145717102999045,0.179080893287924,0.0333637902888796,"Reactome_DNA_repair"
"GSE214695_HC4","GSE214695",NA,0.24168247036488,NA,"Reactome_DNA_repair"
"GSE214695_HC6","GSE214695",NA,0.188346557142775,NA,"Reactome_DNA_repair"
"GSE214695_HC2","GSE214695",0.0753023780602081,NA,NA,"Reactome_mitotic_cell_cycle"
"GSE214695_HC3","GSE214695",0.147105172068094,0.221639099441365,0.0745339273732711,"Reactome_mitotic_cell_cycle"
"GSE214695_HC5","GSE214695",0.0980752317590449,NA,NA,"Reactome_mitotic_cell_cycle"
"GSE214695_UC1","GSE214695",0.143228709309849,NA,NA,"Reactome_mitotic_cell_cycle"
"GSE214695_UC2","GSE214695",0.151788330309782,0.155620382507446,0.00383205219766389,"Reactome_mitotic_cell_cycle"
"GSE214695_UC3","GSE214695",0.139651235730017,0.189063155268472,0.0494119195384556,"Reactome_mitotic_cell_cycle"
"GSE214695_UC4","GSE214695",0.0870970276869503,0.234930472145592,0.147833444458642,"Reactome_mitotic_cell_cycle"
"GSE214695_UC5","GSE214695",0.0854896878187774,0.275289489011204,0.189799801192427,"Reactome_mitotic_cell_cycle"
"GSE214695_UC6","GSE214695",0.117102787201558,0.190777696717467,0.0736749095159083,"Reactome_mitotic_cell_cycle"
"SCP259_N10","SCP259",0.077042376866055,NA,NA,"Reactome_mitotic_cell_cycle"
"SCP259_N106","SCP259",0.115453543129633,0.150389649250053,0.0349361061204198,"Reactome_mitotic_cell_cycle"
"SCP259_N110","SCP259",0.0977209576802162,NA,NA,"Reactome_mitotic_cell_cycle"
"SCP259_N111","SCP259",0.109859473510878,0.143964026103053,0.0341045525921753,"Reactome_mitotic_cell_cycle"
"SCP259_N12","SCP259",0.181171505911583,NA,NA,"Reactome_mitotic_cell_cycle"
"SCP259_N14","SCP259",0.144311765221339,0.144078639347881,-0.000233125873458667,"Reactome_mitotic_cell_cycle"
"SCP259_N15","SCP259",0.0686201224893392,NA,NA,"Reactome_mitotic_cell_cycle"
"SCP259_N19","SCP259",0.109727627351673,0.145150655024848,0.0354230276731749,"Reactome_mitotic_cell_cycle"
"SCP259_N21","SCP259",0.0777098786276365,NA,NA,"Reactome_mitotic_cell_cycle"
"SCP259_N23","SCP259",0.0948810185923922,0.146650864809202,0.0517698462168097,"Reactome_mitotic_cell_cycle"
"SCP259_N24","SCP259",0.138291851430562,0.164644244656719,0.0263523932261572,"Reactome_mitotic_cell_cycle"
"SCP259_N26","SCP259",0.10361298302455,0.0957216209605495,-0.00789136206400028,"Reactome_mitotic_cell_cycle"
"SCP259_N44","SCP259",0.116822993935811,0.136403921317734,0.0195809273819229,"Reactome_mitotic_cell_cycle"
"SCP259_N49","SCP259",0.116078114742622,0.136852273445639,0.0207741587030163,"Reactome_mitotic_cell_cycle"
"SCP259_N50","SCP259",0.113147609026975,0.145720681078586,0.0325730720516109,"Reactome_mitotic_cell_cycle"
"SCP259_N51","SCP259",0.106374229638994,0.113002891439802,0.00662866180080803,"Reactome_mitotic_cell_cycle"
"SCP259_N52","SCP259",0.0679838559178109,0.102781630332572,0.034797774414761,"Reactome_mitotic_cell_cycle"
"SCP259_N539","SCP259",0.0903074383279436,0.109045068686397,0.0187376303584533,"Reactome_mitotic_cell_cycle"
"SCP259_N58","SCP259",0.10618919012796,0.135215948746817,0.0290267586188575,"Reactome_mitotic_cell_cycle"
"SCP259_N661","SCP259",0.0944037135045988,0.130071500562038,0.0356677870574393,"Reactome_mitotic_cell_cycle"
"SCP259_N7","SCP259",0.132315871179854,0.13129540456233,-0.00102046661752417,"Reactome_mitotic_cell_cycle"
"SCP259_N9","SCP259",0.116062666012569,0.147746534320367,0.0316838683077984,"Reactome_mitotic_cell_cycle"
"GSE214695_HC4","GSE214695",NA,0.262038965065229,NA,"Reactome_mitotic_cell_cycle"
"GSE214695_HC6","GSE214695",NA,0.223146365524026,NA,"Reactome_mitotic_cell_cycle"
"GSE214695_HC2","GSE214695",0.392357504578452,NA,NA,"GO_intestinal_stem_cell_homeostasis"
"GSE214695_HC3","GSE214695",0.101701378851208,-0.0567842092119097,-0.158485588063118,"GO_intestinal_stem_cell_homeostasis"
"GSE214695_HC5","GSE214695",0.205421599877392,NA,NA,"GO_intestinal_stem_cell_homeostasis"
"GSE214695_UC1","GSE214695",-0.0683489161784612,NA,NA,"GO_intestinal_stem_cell_homeostasis"
"GSE214695_UC2","GSE214695",0.521369070797832,0.26405029479159,-0.257318776006242,"GO_intestinal_stem_cell_homeostasis"
"GSE214695_UC3","GSE214695",0.449265635703444,0.445248059129488,-0.00401757657395524,"GO_intestinal_stem_cell_homeostasis"
"GSE214695_UC4","GSE214695",0.434634120009686,0.352692994672481,-0.0819411253372053,"GO_intestinal_stem_cell_homeostasis"
"GSE214695_UC5","GSE214695",0.14730815185038,0.199780609360439,0.0524724575100592,"GO_intestinal_stem_cell_homeostasis"
"GSE214695_UC6","GSE214695",0.536521538404834,0.464538760257648,-0.0719827781471859,"GO_intestinal_stem_cell_homeostasis"
"SCP259_N10","SCP259",0.0628406782314343,NA,NA,"GO_intestinal_stem_cell_homeostasis"
"SCP259_N106","SCP259",0.478349227860275,0.483376317186255,0.00502708932598039,"GO_intestinal_stem_cell_homeostasis"
"SCP259_N110","SCP259",0.266237001922235,NA,NA,"GO_intestinal_stem_cell_homeostasis"
"SCP259_N111","SCP259",0.635806237962585,0.627802153552669,-0.00800408440991618,"GO_intestinal_stem_cell_homeostasis"
"SCP259_N12","SCP259",0.0895730460775359,NA,NA,"GO_intestinal_stem_cell_homeostasis"
"SCP259_N14","SCP259",0.367852885752646,0.223125418877299,-0.144727466875347,"GO_intestinal_stem_cell_homeostasis"
"SCP259_N15","SCP259",0.205717445481805,NA,NA,"GO_intestinal_stem_cell_homeostasis"
"SCP259_N19","SCP259",0.743840486596075,0.749569378407193,0.00572889181111791,"GO_intestinal_stem_cell_homeostasis"
"SCP259_N21","SCP259",0.342621252927328,NA,NA,"GO_intestinal_stem_cell_homeostasis"
"SCP259_N23","SCP259",0.510518048712693,0.46002142255141,-0.0504966261612825,"GO_intestinal_stem_cell_homeostasis"
"SCP259_N24","SCP259",0.505481837159171,0.48740244509729,-0.0180793920618811,"GO_intestinal_stem_cell_homeostasis"
"SCP259_N26","SCP259",0.0999027526755421,0.0688670729418137,-0.0310356797337284,"GO_intestinal_stem_cell_homeostasis"
"SCP259_N44","SCP259",0.63537526566231,0.591856650655344,-0.0435186150069661,"GO_intestinal_stem_cell_homeostasis"
"SCP259_N49","SCP259",0.231303525493875,0.263410826207481,0.0321073007136054,"GO_intestinal_stem_cell_homeostasis"
"SCP259_N50","SCP259",0.317615795360261,0.419303272896393,0.101687477536132,"GO_intestinal_stem_cell_homeostasis"
"SCP259_N51","SCP259",0.219655345826793,0.173530783943323,-0.0461245618834697,"GO_intestinal_stem_cell_homeostasis"
"SCP259_N52","SCP259",0.143974971329134,0.192121664230219,0.0481466929010848,"GO_intestinal_stem_cell_homeostasis"
"SCP259_N539","SCP259",0.56264687214971,0.579597347957399,0.0169504758076885,"GO_intestinal_stem_cell_homeostasis"
"SCP259_N58","SCP259",0.563381150672712,0.51236324157785,-0.0510179090948623,"GO_intestinal_stem_cell_homeostasis"
"SCP259_N661","SCP259",0.45593741283837,0.434616826799439,-0.0213205860389307,"GO_intestinal_stem_cell_homeostasis"
"SCP259_N7","SCP259",0.529047433770414,0.591259327926656,0.0622118941562424,"GO_intestinal_stem_cell_homeostasis"
"SCP259_N9","SCP259",0.560297970800985,0.549005512046776,-0.011292458754209,"GO_intestinal_stem_cell_homeostasis"
"GSE214695_HC4","GSE214695",NA,0.312833838167283,NA,"GO_intestinal_stem_cell_homeostasis"
"GSE214695_HC6","GSE214695",NA,0.281227928453958,NA,"GO_intestinal_stem_cell_homeostasis"
"GSE214695_HC2","GSE214695",0.220423963747042,NA,NA,"MSigDB_LEI_MYB_targets"
"GSE214695_HC3","GSE214695",0.199490311685108,0.259258808198428,0.0597684965133199,"MSigDB_LEI_MYB_targets"
"GSE214695_HC5","GSE214695",0.240187418813492,NA,NA,"MSigDB_LEI_MYB_targets"
"GSE214695_UC1","GSE214695",0.239703554918981,NA,NA,"MSigDB_LEI_MYB_targets"
"GSE214695_UC2","GSE214695",0.342283540314997,0.31835998784125,-0.0239235524737466,"MSigDB_LEI_MYB_targets"
"GSE214695_UC3","GSE214695",0.35102880616303,0.325195217020012,-0.0258335891430177,"MSigDB_LEI_MYB_targets"
"GSE214695_UC4","GSE214695",0.36057824623923,0.404597040275001,0.0440187940357702,"MSigDB_LEI_MYB_targets"
"GSE214695_UC5","GSE214695",0.254211561603167,0.371648479081684,0.117436917478516,"MSigDB_LEI_MYB_targets"
"GSE214695_UC6","GSE214695",0.350906508475998,0.360220115854864,0.00931360737886594,"MSigDB_LEI_MYB_targets"
"SCP259_N10","SCP259",0.216788819614323,NA,NA,"MSigDB_LEI_MYB_targets"
"SCP259_N106","SCP259",0.250309613245684,0.268897125329166,0.018587512083482,"MSigDB_LEI_MYB_targets"
"SCP259_N110","SCP259",0.20571233986218,NA,NA,"MSigDB_LEI_MYB_targets"
"SCP259_N111","SCP259",0.280740215874795,0.29048753291428,0.00974731703948428,"MSigDB_LEI_MYB_targets"
"SCP259_N12","SCP259",0.325467419763749,NA,NA,"MSigDB_LEI_MYB_targets"
"SCP259_N14","SCP259",0.314423245056906,0.276275831110848,-0.0381474139460574,"MSigDB_LEI_MYB_targets"
"SCP259_N15","SCP259",0.226133397831961,NA,NA,"MSigDB_LEI_MYB_targets"
"SCP259_N19","SCP259",0.233440885294563,0.290361294909857,0.0569204096152942,"MSigDB_LEI_MYB_targets"
"SCP259_N21","SCP259",0.234986512605939,NA,NA,"MSigDB_LEI_MYB_targets"
"SCP259_N23","SCP259",0.303589563748731,0.303589864040453,3.00291722488133e-07,"MSigDB_LEI_MYB_targets"
"SCP259_N24","SCP259",0.28310259506466,0.291934132232226,0.0088315371675653,"MSigDB_LEI_MYB_targets"
"SCP259_N26","SCP259",0.232447201742151,0.191965878735571,-0.0404813230065797,"MSigDB_LEI_MYB_targets"
"SCP259_N44","SCP259",0.282424144809418,0.274442399330029,-0.0079817454793889,"MSigDB_LEI_MYB_targets"
"SCP259_N49","SCP259",0.28762430302903,0.30328709282648,0.0156627897974501,"MSigDB_LEI_MYB_targets"
"SCP259_N50","SCP259",0.254173232524629,0.277298251613219,0.0231250190885906,"MSigDB_LEI_MYB_targets"
"SCP259_N51","SCP259",0.225192328205467,0.200953142893103,-0.0242391853123638,"MSigDB_LEI_MYB_targets"
"SCP259_N52","SCP259",0.207549204308528,0.220821131766728,0.0132719274582002,"MSigDB_LEI_MYB_targets"
"SCP259_N539","SCP259",0.222093952869943,0.240915533426972,0.0188215805570287,"MSigDB_LEI_MYB_targets"
"SCP259_N58","SCP259",0.272354583018249,0.278830096999737,0.00647551398148782,"MSigDB_LEI_MYB_targets"
"SCP259_N661","SCP259",0.260433266808414,0.27300256662879,0.0125692998203759,"MSigDB_LEI_MYB_targets"
"SCP259_N7","SCP259",0.287492056693736,0.302841241956936,0.0153491852631997,"MSigDB_LEI_MYB_targets"
"SCP259_N9","SCP259",0.312626783153527,0.314868585761991,0.00224180260846396,"MSigDB_LEI_MYB_targets"
"GSE214695_HC4","GSE214695",NA,0.304719402705832,NA,"MSigDB_LEI_MYB_targets"
"GSE214695_HC6","GSE214695",NA,0.32538935868977,NA,"MSigDB_LEI_MYB_targets"
"GSE214695_HC2","GSE214695",0.122786987159223,NA,NA,"Reactome_MHCII_antigen_presentation"
"GSE214695_HC3","GSE214695",0.144440416111715,0.199263750147908,0.0548233340361927,"Reactome_MHCII_antigen_presentation"
"GSE214695_HC5","GSE214695",0.14734387524605,NA,NA,"Reactome_MHCII_antigen_presentation"
"GSE214695_UC1","GSE214695",0.136544121998914,NA,NA,"Reactome_MHCII_antigen_presentation"
"GSE214695_UC2","GSE214695",0.201450902084057,0.219666881666277,0.0182159795822201,"Reactome_MHCII_antigen_presentation"
"GSE214695_UC3","GSE214695",0.201073628840803,0.259203064934561,0.058129436093758,"Reactome_MHCII_antigen_presentation"
"GSE214695_UC4","GSE214695",0.270199226878361,0.332021844014277,0.0618226171359166,"Reactome_MHCII_antigen_presentation"
"GSE214695_UC5","GSE214695",0.11539091369406,0.238101318967502,0.122710405273442,"Reactome_MHCII_antigen_presentation"
"GSE214695_UC6","GSE214695",0.165598783476618,0.193855875373277,0.0282570918966599,"Reactome_MHCII_antigen_presentation"
"SCP259_N10","SCP259",0.25862210631356,NA,NA,"Reactome_MHCII_antigen_presentation"
"SCP259_N106","SCP259",0.20951523625779,0.221553281401364,0.0120380451435739,"Reactome_MHCII_antigen_presentation"
"SCP259_N110","SCP259",0.104041267312848,NA,NA,"Reactome_MHCII_antigen_presentation"
"SCP259_N111","SCP259",0.206889122651709,0.226930967833479,0.0200418451817702,"Reactome_MHCII_antigen_presentation"
"SCP259_N12","SCP259",0.203404514089892,NA,NA,"Reactome_MHCII_antigen_presentation"
"SCP259_N14","SCP259",0.163039792549544,0.16502571756358,0.00198592501403622,"Reactome_MHCII_antigen_presentation"
"SCP259_N15","SCP259",0.203860509933738,NA,NA,"Reactome_MHCII_antigen_presentation"
"SCP259_N19","SCP259",0.101174395824712,0.16583796986181,0.0646635740370979,"Reactome_MHCII_antigen_presentation"
"SCP259_N21","SCP259",0.12822628257158,NA,NA,"Reactome_MHCII_antigen_presentation"
"SCP259_N23","SCP259",0.212639326647848,0.232871021411935,0.0202316947640871,"Reactome_MHCII_antigen_presentation"
"SCP259_N24","SCP259",0.161859215154644,0.170695461875008,0.00883624672036448,"Reactome_MHCII_antigen_presentation"
"SCP259_N26","SCP259",0.176938644566738,0.100428155252551,-0.0765104893141861,"Reactome_MHCII_antigen_presentation"
"SCP259_N44","SCP259",0.217602811132499,0.211947380614052,-0.00565543051844661,"Reactome_MHCII_antigen_presentation"
"SCP259_N49","SCP259",0.197653745816309,0.212104895320603,0.0144511495042938,"Reactome_MHCII_antigen_presentation"
"SCP259_N50","SCP259",0.223930810196408,0.253241313035952,0.0293105028395436,"Reactome_MHCII_antigen_presentation"
"SCP259_N51","SCP259",0.155137198787996,0.121092443575958,-0.0340447552120377,"Reactome_MHCII_antigen_presentation"
"SCP259_N52","SCP259",0.102429400965603,0.111325557144587,0.00889615617898352,"Reactome_MHCII_antigen_presentation"
"SCP259_N539","SCP259",0.117410559869977,0.129006832977125,0.0115962731071483,"Reactome_MHCII_antigen_presentation"
"SCP259_N58","SCP259",0.194899074187108,0.203071454432368,0.00817238024525982,"Reactome_MHCII_antigen_presentation"
"SCP259_N661","SCP259",0.183541705171444,0.211585681796688,0.0280439766252433,"Reactome_MHCII_antigen_presentation"
"SCP259_N7","SCP259",0.224956458870651,0.220614958956207,-0.00434149991444427,"Reactome_MHCII_antigen_presentation"
"SCP259_N9","SCP259",0.235546906277784,0.250351408649728,0.0148045023719439,"Reactome_MHCII_antigen_presentation"
"GSE214695_HC4","GSE214695",NA,0.172296475863141,NA,"Reactome_MHCII_antigen_presentation"
"GSE214695_HC6","GSE214695",NA,0.159723622097241,NA,"Reactome_MHCII_antigen_presentation"
